hand_id,decision_idx,street,player_to_act,pot,bet_to_call,pot_odds,equity_truth,agent_action,legal_actions,threshold_call,equity_threshold_correct,ev_truth_chosen,ev_truth_best,ev_truth_best_action,ev_truth_optimal,ev_truth_regret,ev_oracle_chosen,ev_oracle_best,ev_oracle_best_action,ev_oracle_optimal,ev_oracle_regret,ev_belief_chosen,ev_belief_best,ev_belief_best_action,ev_belief_optimal,ev_belief_regret
7257f5b4,0,PREFLOP,1,3,1,0.25,0.3446,BET_OR_RAISE,"FOLD,CHECK_OR_CALL,BET_OR_RAISE",CHECK_OR_CALL,,0.2,0.2,BET_OR_RAISE,True,0.0,0.0643,0.2225,CHECK_OR_CALL,False,0.1582,,,,False,
7257f5b4,1,PREFLOP,0,6,2,0.25,0.6528,CHECK_OR_CALL,"FOLD,CHECK_OR_CALL,BET_OR_RAISE",CHECK_OR_CALL,True,3.0,6.0,BET_OR_RAISE,False,3.0,3.0266,3.1532,BET_OR_RAISE,False,0.1267,,,,False,
7257f5b4,2,FLOP,0,8,0,0.0,0.609596,CHECK_OR_CALL,"CHECK_OR_CALL,BET_OR_RAISE",CHECK_OR_CALL,True,6.4,6.4,CHECK_OR_CALL,True,0.0,8.3959,9.5135,BET_OR_RAISE,False,1.1176,,,,False,
7257f5b4,3,FLOP,1,8,0,0.0,0.390404,BET_OR_RAISE,"CHECK_OR_CALL,BET_OR_RAISE",CHECK_OR_CALL,,3.4,3.5333,CHECK_OR_CALL,False,0.1333,6.8016,6.8016,BET_OR_RAISE,True,0.0,,,,False,
7257f5b4,4,FLOP,0,10,2,0.166667,0.609596,CHECK_OR_CALL,"FOLD,CHECK_OR_CALL,BET_OR_RAISE",CHECK_OR_CALL,True,5.0,6.4667,BET_OR_RAISE,False,1.4667,8.3018,10.5138,BET_OR_RAISE,False,2.212,,,,False,
7257f5b4,5,TURN,0,12,0,0.0,0.125,BET_OR_RAISE,"CHECK_OR_CALL,BET_OR_RAISE",CHECK_OR_CALL,,-1.8667,-1.1333,CHECK_OR_CALL,False,0.7333,13.842,13.842,BET_OR_RAISE,True,0.0,,,,False,
7257f5b4,6,TURN,1,16,4,0.2,0.875,BET_OR_RAISE,"FOLD,CHECK_OR_CALL,BET_OR_RAISE",CHECK_OR_CALL,,19.5333,19.5333,BET_OR_RAISE,True,0.0,22.2652,22.2652,BET_OR_RAISE,True,0.0,,,,False,
7257f5b4,7,TURN,0,24,4,0.142857,0.125,CHECK_OR_CALL,"FOLD,CHECK_OR_CALL,BET_OR_RAISE",FOLD,False,0.0667,0.0667,CHECK_OR_CALL,True,0.0,12.8564,14.0994,BET_OR_RAISE,False,1.243,,,,False,
7257f5b4,8,RIVER,0,28,0,0.0,0.0,BET_OR_RAISE,"CHECK_OR_CALL,BET_OR_RAISE",CHECK_OR_CALL,,-4.8,-2.4,CHECK_OR_CALL,False,2.4,31.5539,31.5539,BET_OR_RAISE,True,0.0,,,,False,
7257f5b4,9,RIVER,1,32,4,0.111111,1.0,BET_OR_RAISE,"FOLD,CHECK_OR_CALL,BET_OR_RAISE",CHECK_OR_CALL,,38.6667,38.6667,BET_OR_RAISE,True,0.0,38.3622,38.3622,BET_OR_RAISE,True,0.0,,,,False,
7257f5b4,10,RIVER,0,40,4,0.090909,0.0,FOLD,"FOLD,CHECK_OR_CALL,BET_OR_RAISE",FOLD,True,0.0,0.0,FOLD,True,0.0,0.0,24.0474,BET_OR_RAISE,False,24.0474,,,,False,
a9fc4edb,0,PREFLOP,1,3,1,0.25,0.4729,BET_OR_RAISE,"FOLD,CHECK_OR_CALL,BET_OR_RAISE",CHECK_OR_CALL,,1.7333,1.7333,BET_OR_RAISE,True,0.0,1.3992,1.3992,BET_OR_RAISE,True,0.0,,,,False,
a9fc4edb,1,PREFLOP,0,6,2,0.25,0.5294,CHECK_OR_CALL,"FOLD,CHECK_OR_CALL,BET_OR_RAISE",CHECK_OR_CALL,True,2.6667,2.6667,CHECK_OR_CALL,True,0.0,2.4929,2.4929,CHECK_OR_CALL,True,0.0,,,,False,
a9fc4edb,2,FLOP,0,8,0,0.0,0.386869,CHECK_OR_CALL,"CHECK_OR_CALL,BET_OR_RAISE",CHECK_OR_CALL,True,3.3333,3.6667,BET_OR_RAISE,False,0.3333,3.4236,3.5213,BET_OR_RAISE,False,0.0977,,,,False,
a9fc4edb,3,FLOP,1,8,0,0.0,0.613131,BET_OR_RAISE,"CHECK_OR_CALL,BET_OR_RAISE",CHECK_OR_CALL,,5.8,6.1333,CHECK_OR_CALL,False,0.3333,5.8008,5.8008,BET_OR_RAISE,True,0.0,,,,False,
a9fc4edb,4,FLOP,0,10,2,0.166667,0.386869,FOLD,"FOLD,CHECK_OR_CALL,BET_OR_RAISE",CHECK_OR_CALL,False,0.0,2.8667,CHECK_OR_CALL,False,2.8667,0.0,3.584,BET_OR_RAISE,False,3.584,,,,False,
497443c6,0,PREFLOP,1,3,1,0.25,0.3421,BET_OR_RAISE,"FOLD,CHECK_OR_CALL,BET_OR_RAISE",CHECK_OR_CALL,,-1.6,0.0,FOLD,False,1.6,-0.7897,0.0,FOLD,False,0.7897,,,,False,
497443c6,1,PREFLOP,0,6,2,0.25,0.667,CHECK_OR_CALL,"FOLD,CHECK_OR_CALL,BET_OR_RAISE",CHECK_OR_CALL,True,4.0,5.7333,BET_OR_RAISE,False,1.7333,1.7917,1.7917,CHECK_OR_CALL,True,0.0,,,,False,
497443c6,2,FLOP,0,8,0,0.0,0.768182,CHECK_OR_CALL,"CHECK_OR_CALL,BET_OR_RAISE",CHECK_OR_CALL,True,7.6667,8.4667,BET_OR_RAISE,False,0.8,3.2406,3.2406,CHECK_OR_CALL,True,0.0,,,,False,
497443c6,3,FLOP,1,8,0,0.0,0.231818,BET_OR_RAISE,"CHECK_OR_CALL,BET_OR_RAISE",CHECK_OR_CALL,,-1.0,0.4,CHECK_OR_CALL,False,1.4,0.3074,0.9929,CHECK_OR_CALL,False,0.6856,,,,False,
497443c6,4,FLOP,0,10,2,0.166667,0.768182,FOLD,"FOLD,CHECK_OR_CALL,BET_OR_RAISE",CHECK_OR_CALL,False,0.0,9.6,CHECK_OR_CALL,False,9.6,0.0,4.3592,CHECK_OR_CALL,False,4.3592,,,,False,
5264d609,0,PREFLOP,1,3,1,0.25,0.4953,BET_OR_RAISE,"FOLD,CHECK_OR_CALL,BET_OR_RAISE",CHECK_OR_CALL,,1.2667,1.2667,BET_OR_RAISE,True,0.0,0.8149,0.8149,BET_OR_RAISE,True,0.0,,,,False,
5264d609,1,PREFLOP,0,6,2,0.25,0.4887,FOLD,"FOLD,CHECK_OR_CALL,BET_OR_RAISE",CHECK_OR_CALL,False,0.0,2.6667,CHECK_OR_CALL,False,2.6667,0.0,1.4106,BET_OR_RAISE,False,1.4106,,,,False,
8e8ecc7c,0,PREFLOP,1,3,1,0.25,0.6338,BET_OR_RAISE,"FOLD,CHECK_OR_CALL,BET_OR_RAISE",CHECK_OR_CALL,,2.8667,2.8667,BET_OR_RAISE,True,0.0,0.4742,0.7553,CHECK_OR_CALL,False,0.2811,,,,False,
8e8ecc7c,1,PREFLOP,0,6,2,0.25,0.3634,FOLD,"FOLD,CHECK_OR_CALL,BET_OR_RAISE",CHECK_OR_CALL,False,0.0,3.5333,BET_OR_RAISE,False,3.5333,0.0,1.2415,CHECK_OR_CALL,False,1.2415,,,,False,
3587e083,0,PREFLOP,1,3,1,0.25,0.7313,BET_OR_RAISE,"FOLD,CHECK_OR_CALL,BET_OR_RAISE",CHECK_OR_CALL,,3.8667,3.8667,BET_OR_RAISE,True,0.0,3.5075,3.5075,BET_OR_RAISE,True,0.0,,,,False,
3587e083,1,PREFLOP,0,6,2,0.25,0.2598,CHECK_OR_CALL,"FOLD,CHECK_OR_CALL,BET_OR_RAISE",CHECK_OR_CALL,True,0.2,0.2,CHECK_OR_CALL,True,0.0,0.4663,0.4663,CHECK_OR_CALL,True,0.0,,,,False,
3587e083,2,FLOP,0,8,0,0.0,0.123232,CHECK_OR_CALL,"CHECK_OR_CALL,BET_OR_RAISE",CHECK_OR_CALL,True,-0.2667,-0.2667,CHECK_OR_CALL,True,0.0,0.0148,0.0148,CHECK_OR_CALL,True,0.0,,,,False,
3587e083,3,FLOP,1,8,0,0.0,0.876768,BET_OR_RAISE,"CHECK_OR_CALL,BET_OR_RAISE",CHECK_OR_CALL,,9.1333,9.1333,BET_OR_RAISE,True,0.0,8.2516,8.2516,BET_OR_RAISE,True,0.0,,,,False,
3587e083,4,FLOP,0,10,2,0.166667,0.123232,FOLD,"FOLD,CHECK_OR_CALL,BET_OR_RAISE",FOLD,True,0.0,0.0,FOLD,True,0.0,0.0,0.0,FOLD,True,0.0,,,,False,
514d5bfc,0,PREFLOP,1,3,1,0.25,0.7113,BET_OR_RAISE,"FOLD,CHECK_OR_CALL,BET_OR_RAISE",CHECK_OR_CALL,,2.8667,2.8667,BET_OR_RAISE,True,0.0,3.6401,3.6401,BET_OR_RAISE,True,0.0,,,,False,
514d5bfc,1,PREFLOP,0,6,2,0.25,0.2989,CHECK_OR_CALL,"FOLD,CHECK_OR_CALL,BET_OR_RAISE",CHECK_OR_CALL,True,-0.5333,0.0,FOLD,False,0.5333,2.9704,2.9704,CHECK_OR_CALL,True,0.0,,,,False,
514d5bfc,2,FLOP,0,8,0,0.0,0.175758,CHECK_OR_CALL,"CHECK_OR_CALL,BET_OR_RAISE",CHECK_OR_CALL,True,-0.4,-0.1333,BET_OR_RAISE,False,0.2667,2.9721,2.9975,BET_OR_RAISE,False,0.0254,,,,False,
514d5bfc,3,FLOP,1,8,0,0.0,0.824242,BET_OR_RAISE,"CHECK_OR_CALL,BET_OR_RAISE",CHECK_OR_CALL,,7.5333,7.5333,BET_OR_RAISE,True,0.0,5.3212,5.3212,BET_OR_RAISE,True,0.0,,,,False,
514d5bfc,4,FLOP,0,10,2,0.166667,0.175758,CHECK_OR_CALL,"FOLD,CHECK_OR_CALL,BET_OR_RAISE",CHECK_OR_CALL,True,-0.6667,0.0,FOLD,False,0.6667,6.4067,6.4067,CHECK_OR_CALL,True,0.0,,,,False,
514d5bfc,5,TURN,0,12,0,0.0,0.954545,BET_OR_RAISE,"CHECK_OR_CALL,BET_OR_RAISE",CHECK_OR_CALL,,17.7333,17.7333,BET_OR_RAISE,True,0.0,11.9389,11.9389,BET_OR_RAISE,True,0.0,,,,False,
514d5bfc,6,TURN,1,16,4,0.2,0.045455,BET_OR_RAISE,"FOLD,CHECK_OR_CALL,BET_OR_RAISE",FOLD,,-10.5333,0.0,FOLD,False,10.5333,7.9117,8.4092,CHECK_OR_CALL,False,0.4975,,,,False,
514d5bfc,7,TURN,0,24,4,0.142857,0.954545,FOLD,"FOLD,CHECK_OR_CALL,BET_OR_RAISE",CHECK_OR_CALL,False,0.0,29.6,BET_OR_RAISE,False,29.6,0.0,22.853,BET_OR_RAISE,False,22.853,,,,False,
db8412d6,0,PREFLOP,1,3,1,0.25,0.5894,BET_OR_RAISE,"FOLD,CHECK_OR_CALL,BET_OR_RAISE",CHECK_OR_CALL,,3.7333,3.7333,BET_OR_RAISE,True,0.0,1.9373,1.9373,BET_OR_RAISE,True,0.0,,,,False,
db8412d6,1,PREFLOP,0,6,2,0.25,0.4119,CHECK_OR_CALL,"FOLD,CHECK_OR_CALL,BET_OR_RAISE",CHECK_OR_CALL,True,0.4,1.2667,BET_OR_RAISE,False,0.8667,2.098,2.098,CHECK_OR_CALL,True,0.0,,,,False,
db8412d6,2,FLOP,0,8,0,0.0,0.265657,CHECK_OR_CALL,"CHECK_OR_CALL,BET_OR_RAISE",CHECK_OR_CALL,True,1.6,1.6,CHECK_OR_CALL,True,0.0,3.1402,3.1402,CHECK_OR_CALL,True,0.0,,,,False,
db8412d6,3,FLOP,1,8,0,0.0,0.734343,BET_OR_RAISE,"CHECK_OR_CALL,BET_OR_RAISE",CHECK_OR_CALL,,8.9333,8.9333,BET_OR_RAISE,True,0.0,5.9839,5.9839,BET_OR_RAISE,True,0.0,,,,False,
db8412d6,4,FLOP,0,10,2,0.166667,0.265657,FOLD,"FOLD,CHECK_OR_CALL,BET_OR_RAISE",CHECK_OR_CALL,False,0.0,1.5333,CHECK_OR_CALL,False,1.5333,0.0,4.2082,BET_OR_RAISE,False,4.2082,,,,False,
c75e4a23,0,PREFLOP,1,3,1,0.25,0.5484,BET_OR_RAISE,"FOLD,CHECK_OR_CALL,BET_OR_RAISE",CHECK_OR_CALL,,1.7333,2.8,CHECK_OR_CALL,False,1.0667,0.3685,0.4536,CHECK_OR_CALL,False,0.0851,,,,False,
c75e4a23,1,PREFLOP,0,6,2,0.25,0.4386,FOLD,"FOLD,CHECK_OR_CALL,BET_OR_RAISE",CHECK_OR_CALL,False,0.0,0.9333,CHECK_OR_CALL,False,0.9333,0.0,2.2607,BET_OR_RAISE,False,2.2607,,,,False,
d8e89a15,0,PREFLOP,1,3,1,0.25,0.464,BET_OR_RAISE,"FOLD,CHECK_OR_CALL,BET_OR_RAISE",CHECK_OR_CALL,,-2.0,1.0,CHECK_OR_CALL,False,3.0,1.0693,1.7581,CHECK_OR_CALL,False,0.6888,,,,False,
d8e89a15,1,PREFLOP,0,6,2,0.25,0.5368,CHECK_OR_CALL,"FOLD,CHECK_OR_CALL,BET_OR_RAISE",CHECK_OR_CALL,True,3.1333,3.1333,CHECK_OR_CALL,True,0.0,1.8961,1.9799,BET_OR_RAISE,False,0.0839,,,,False,
d8e89a15,2,FLOP,0,8,0,0.0,0.177778,CHECK_OR_CALL,"CHECK_OR_CALL,BET_OR_RAISE",CHECK_OR_CALL,True,-0.6,-0.6,CHECK_OR_CALL,True,0.0,4.3638,5.3114,BET_OR_RAISE,False,0.9476,,,,False,
d8e89a15,3,FLOP,1,8,0,0.0,0.822222,BET_OR_RAISE,"CHECK_OR_CALL,BET_OR_RAISE",CHECK_OR_CALL,,8.4667,8.4667,BET_OR_RAISE,True,0.0,8.0979,8.0979,BET_OR_RAISE,True,0.0,,,,False,
d8e89a15,4,FLOP,0,10,2,0.166667,0.177778,FOLD,"FOLD,CHECK_OR_CALL,BET_OR_RAISE",CHECK_OR_CALL,False,0.0,0.3333,CHECK_OR_CALL,False,0.3333,0.0,2.4309,CHECK_OR_CALL,False,2.4309,,,,False,
579380d9,0,PREFLOP,1,3,1,0.25,0.6967,BET_OR_RAISE,"FOLD,CHECK_OR_CALL,BET_OR_RAISE",CHECK_OR_CALL,,3.4667,3.4667,CHECK_OR_CALL,False,0.0,-0.9643,0.1109,CHECK_OR_CALL,False,1.0752,,,,False,
579380d9,1,PREFLOP,0,6,2,0.25,0.3169,FOLD,"FOLD,CHECK_OR_CALL,BET_OR_RAISE",CHECK_OR_CALL,False,0.0,0.0667,CHECK_OR_CALL,False,0.0667,0.0,3.1472,CHECK_OR_CALL,False,3.1472,,,,False,
33849bac,0,PREFLOP,1,3,1,0.25,0.2014,BET_OR_RAISE,"FOLD,CHECK_OR_CALL,BET_OR_RAISE",FOLD,,-2.8667,0.0,FOLD,False,2.8667,2.6168,2.6168,BET_OR_RAISE,True,0.0,,,,False,
33849bac,1,PREFLOP,0,6,2,0.25,0.8011,CHECK_OR_CALL,"FOLD,CHECK_OR_CALL,BET_OR_RAISE",CHECK_OR_CALL,True,6.1333,7.0,BET_OR_RAISE,False,0.8667,5.446,7.0932,BET_OR_RAISE,False,1.6472,,,,False,
33849bac,2,FLOP,0,8,0,0.0,0.756566,CHECK_OR_CALL,"CHECK_OR_CALL,BET_OR_RAISE",CHECK_OR_CALL,True,5.9333,9.6667,BET_OR_RAISE,False,3.7333,7.7462,9.0011,BET_OR_RAISE,False,1.2549,,,,False,
33849bac,3,FLOP,1,8,0,0.0,0.243434,BET_OR_RAISE,"CHECK_OR_CALL,BET_OR_RAISE",CHECK_OR_CALL,,0.4667,1.4,CHECK_OR_CALL,False,0.9333,7.345,7.345,BET_OR_RAISE,True,0.0,,,,False,
33849bac,4,FLOP,0,10,2,0.166667,0.756566,FOLD,"FOLD,CHECK_OR_CALL,BET_OR_RAISE",CHECK_OR_CALL,False,0.0,8.4667,BET_OR_RAISE,False,8.4667,0.0,9.5091,BET_OR_RAISE,False,9.5091,,,,False,
1c01e662,0,PREFLOP,1,3,1,0.25,0.3668,BET_OR_RAISE,"FOLD,CHECK_OR_CALL,BET_OR_RAISE",CHECK_OR_CALL,,-0.9333,0.0,FOLD,False,0.9333,-1.0796,0.1562,CHECK_OR_CALL,False,1.2358,,,,False,
1c01e662,1,PREFLOP,0,6,2,0.25,0.6438,CHECK_OR_CALL,"FOLD,CHECK_OR_CALL,BET_OR_RAISE",CHECK_OR_CALL,True,3.3333,5.5333,BET_OR_RAISE,False,2.2,1.1171,1.1171,CHECK_OR_CALL,True,0.0,,,,False,
1c01e662,2,FLOP,0,8,0,0.0,0.759091,CHECK_OR_CALL,"CHECK_OR_CALL,BET_OR_RAISE",CHECK_OR_CALL,True,6.0667,7.8667,BET_OR_RAISE,False,1.8,4.2427,4.2427,CHECK_OR_CALL,True,0.0,,,,False,
1c01e662,3,FLOP,1,8,0,0.0,0.240909,BET_OR_RAISE,"CHECK_OR_CALL,BET_OR_RAISE",CHECK_OR_CALL,,0.8667,1.2667,CHECK_OR_CALL,False,0.4,-1.5523,0.7522,CHECK_OR_CALL,False,2.3044,,,,False,
1c01e662,4,FLOP,0,10,2,0.166667,0.759091,FOLD,"FOLD,CHECK_OR_CALL,BET_OR_RAISE",CHECK_OR_CALL,False,0.0,8.2,BET_OR_RAISE,False,8.2,0.0,5.9882,CHECK_OR_CALL,False,5.9882,,,,False,
f59d357e,0,PREFLOP,1,3,1,0.25,0.385,BET_OR_RAISE,"FOLD,CHECK_OR_CALL,BET_OR_RAISE",CHECK_OR_CALL,,0.0667,0.0667,BET_OR_RAISE,True,0.0,1.7619,1.7619,BET_OR_RAISE,True,0.0,,,,False,
f59d357e,1,PREFLOP,0,6,2,0.25,0.6225,CHECK_OR_CALL,"FOLD,CHECK_OR_CALL,BET_OR_RAISE",CHECK_OR_CALL,True,2.1333,4.4667,BET_OR_RAISE,False,2.3333,2.6848,3.8458,BET_OR_RAISE,False,1.1611,,,,False,
f59d357e,2,FLOP,0,8,0,0.0,0.256566,CHECK_OR_CALL,"CHECK_OR_CALL,BET_OR_RAISE",CHECK_OR_CALL,True,2.3333,2.3333,CHECK_OR_CALL,True,0.0,4.9411,5.8678,BET_OR_RAISE,False,0.9267,,,,False,
f59d357e,3,FLOP,1,8,0,0.0,0.743434,BET_OR_RAISE,"CHECK_OR_CALL,BET_OR_RAISE",CHECK_OR_CALL,,8.0,8.0,BET_OR_RAISE,True,0.0,5.4262,5.4262,BET_OR_RAISE,True,0.0,,,,False,
f59d357e,4,FLOP,0,10,2,0.166667,0.256566,FOLD,"FOLD,CHECK_OR_CALL,BET_OR_RAISE",CHECK_OR_CALL,False,0.0,0.6,CHECK_OR_CALL,False,0.6,0.0,7.7488,BET_OR_RAISE,False,7.7488,,,,False,
7c004d16,0,PREFLOP,1,3,1,0.25,0.5631,BET_OR_RAISE,"FOLD,CHECK_OR_CALL,BET_OR_RAISE",CHECK_OR_CALL,,0.7333,1.8667,CHECK_OR_CALL,False,1.1333,0.3913,0.7762,CHECK_OR_CALL,False,0.3849,,,,False,
7c004d16,1,PREFLOP,0,6,2,0.25,0.4402,CHECK_OR_CALL,"FOLD,CHECK_OR_CALL,BET_OR_RAISE",CHECK_OR_CALL,True,3.1333,3.1333,CHECK_OR_CALL,True,0.0,1.7101,1.7101,CHECK_OR_CALL,True,0.0,,,,False,
7c004d16,2,FLOP,0,8,0,0.0,0.221212,CHECK_OR_CALL,"CHECK_OR_CALL,BET_OR_RAISE",CHECK_OR_CALL,True,0.0,1.8,BET_OR_RAISE,False,1.8,1.9132,1.9132,CHECK_OR_CALL,True,0.0,,,,False,
7c004d16,3,FLOP,1,8,0,0.0,0.778788,BET_OR_RAISE,"CHECK_OR_CALL,BET_OR_RAISE",CHECK_OR_CALL,,8.8,8.8,BET_OR_RAISE,True,0.0,7.0134,7.0134,BET_OR_RAISE,True,0.0,,,,False,
7c004d16,4,FLOP,0,10,2,0.166667,0.221212,FOLD,"FOLD,CHECK_OR_CALL,BET_OR_RAISE",CHECK_OR_CALL,False,0.0,0.0,FOLD,True,0.0,0.0,0.1051,CHECK_OR_CALL,False,0.1051,,,,False,
b8ae18d5,0,PREFLOP,1,3,1,0.25,0.3926,BET_OR_RAISE,"FOLD,CHECK_OR_CALL,BET_OR_RAISE",CHECK_OR_CALL,,0.2667,1.1333,CHECK_OR_CALL,False,0.8667,1.3466,1.3466,BET_OR_RAISE,True,0.0,,,,False,
b8ae18d5,1,PREFLOP,0,6,2,0.25,0.6131,FOLD,"FOLD,CHECK_OR_CALL,BET_OR_RAISE",CHECK_OR_CALL,False,0.0,3.9333,CHECK_OR_CALL,False,3.9333,0.0,3.4154,BET_OR_RAISE,False,3.4154,,,,False,
ba8379b6,0,PREFLOP,1,3,1,0.25,0.3981,BET_OR_RAISE,"FOLD,CHECK_OR_CALL,BET_OR_RAISE",CHECK_OR_CALL,,0.7333,0.7333,BET_OR_RAISE,True,0.0,0.5792,0.9763,CHECK_OR_CALL,False,0.3972,,,,False,
ba8379b6,1,PREFLOP,0,6,2,0.25,0.6074,FOLD,"FOLD,CHECK_OR_CALL,BET_OR_RAISE",CHECK_OR_CALL,False,0.0,3.7333,CHECK_OR_CALL,False,3.7333,0.0,4.0827,CHECK_OR_CALL,False,4.0827,,,,False,
f558e577,0,PREFLOP,1,3,1,0.25,0.2975,BET_OR_RAISE,"FOLD,CHECK_OR_CALL,BET_OR_RAISE",CHECK_OR_CALL,,-2.6667,0.6,CHECK_OR_CALL,False,3.2667,-0.531,0.0,FOLD,False,0.531,,,,False,
f558e577,1,PREFLOP,0,6,2,0.25,0.7052,CHECK_OR_CALL,"FOLD,CHECK_OR_CALL,BET_OR_RAISE",CHECK_OR_CALL,True,4.8,6.6667,BET_OR_RAISE,False,1.8667,3.4527,4.9063,BET_OR_RAISE,False,1.4536,,,,False,
f558e577,2,FLOP,0,8,0,0.0,0.517172,CHECK_OR_CALL,"CHECK_OR_CALL,BET_OR_RAISE",CHECK_OR_CALL,True,4.7333,5.2,BET_OR_RAISE,False,0.4667,7.3946,9.2621,BET_OR_RAISE,False,1.8674,,,,False,
f558e577,3,FLOP,1,8,0,0.0,0.482828,BET_OR_RAISE,"CHECK_OR_CALL,BET_OR_RAISE",CHECK_OR_CALL,,3.7333,3.7333,BET_OR_RAISE,True,0.0,6.5336,6.5336,BET_OR_RAISE,True,0.0,,,,False,
f558e577,4,FLOP,0,10,2,0.166667,0.517172,FOLD,"FOLD,CHECK_OR_CALL,BET_OR_RAISE",CHECK_OR_CALL,False,0.0,7.2667,BET_OR_RAISE,False,7.2667,0.0,5.9705,BET_OR_RAISE,False,5.9705,,,,False,
a23338e3,0,PREFLOP,1,3,1,0.25,0.4895,BET_OR_RAISE,"FOLD,CHECK_OR_CALL,BET_OR_RAISE",CHECK_OR_CALL,,0.1333,1.4,CHECK_OR_CALL,False,1.2667,2.936,2.936,BET_OR_RAISE,True,0.0,,,,False,
a23338e3,1,PREFLOP,0,6,2,0.25,0.5183,FOLD,"FOLD,CHECK_OR_CALL,BET_OR_RAISE",CHECK_OR_CALL,False,0.0,3.4,CHECK_OR_CALL,False,3.4,0.0,3.6244,BET_OR_RAISE,False,3.6244,,,,False,
189bd258,0,PREFLOP,1,3,1,0.25,0.5608,BET_OR_RAISE,"FOLD,CHECK_OR_CALL,BET_OR_RAISE",CHECK_OR_CALL,,1.5333,1.8667,CHECK_OR_CALL,False,0.3333,2.7908,2.7908,BET_OR_RAISE,True,0.0,,,,False,
189bd258,1,PREFLOP,0,6,2,0.25,0.4261,CHECK_OR_CALL,"FOLD,CHECK_OR_CALL,BET_OR_RAISE",CHECK_OR_CALL,True,1.0667,1.0667,CHECK_OR_CALL,True,0.0,2.4557,2.4557,CHECK_OR_CALL,True,0.0,,,,False,
189bd258,2,FLOP,0,8,0,0.0,0.859596,CHECK_OR_CALL,"CHECK_OR_CALL,BET_OR_RAISE",CHECK_OR_CALL,True,7.3333,8.6,BET_OR_RAISE,False,1.2667,7.0175,8.8275,BET_OR_RAISE,False,1.81,,,,False,
189bd258,3,FLOP,1,8,0,0.0,0.140404,BET_OR_RAISE,"CHECK_OR_CALL,BET_OR_RAISE",CHECK_OR_CALL,,-1.7333,-0.1333,CHECK_OR_CALL,False,1.6,3.4872,3.8378,CHECK_OR_CALL,False,0.3506,,,,False,
189bd258,4,FLOP,0,10,2,0.166667,0.859596,CHECK_OR_CALL,"FOLD,CHECK_OR_CALL,BET_OR_RAISE",CHECK_OR_CALL,True,10.0667,13.2667,BET_OR_RAISE,False,3.2,8.9472,11.5085,BET_OR_RAISE,False,2.5612,,,,False,
189bd258,5,TURN,0,12,0,0.0,0.909091,CHECK_OR_CALL,"CHECK_OR_CALL,BET_OR_RAISE",CHECK_OR_CALL,True,14.1333,17.6,BET_OR_RAISE,False,3.4667,10.9861,14.0632,BET_OR_RAISE,False,3.0771,,,,False,
189bd258,6,TURN,1,12,0,0.0,0.090909,BET_OR_RAISE,"CHECK_OR_CALL,BET_OR_RAISE",CHECK_OR_CALL,,-5.0667,-2.6667,CHECK_OR_CALL,False,2.4,14.133,14.133,BET_OR_RAISE,True,0.0,,,,False,
189bd258,7,TURN,0,16,4,0.2,0.909091,FOLD,"FOLD,CHECK_OR_CALL,BET_OR_RAISE",CHECK_OR_CALL,False,0.0,18.8,CHECK_OR_CALL,False,18.8,0.0,8.2377,BET_OR_RAISE,False,8.2377,,,,False,
99b5b239,0,PREFLOP,1,3,1,0.25,0.2637,BET_OR_RAISE,"FOLD,CHECK_OR_CALL,BET_OR_RAISE",CHECK_OR_CALL,,-1.2,0.0,FOLD,False,1.2,3.1644,3.1644,BET_OR_RAISE,True,0.0,,,,False,
99b5b239,1,PREFLOP,0,6,2,0.25,0.7454,CHECK_OR_CALL,"FOLD,CHECK_OR_CALL,BET_OR_RAISE",CHECK_OR_CALL,True,5.6667,6.6,BET_OR_RAISE,False,0.9333,3.2773,4.9709,BET_OR_RAISE,False,1.6936,,,,False,
99b5b239,2,FLOP,0,8,0,0.0,0.735859,CHECK_OR_CALL,"CHECK_OR_CALL,BET_OR_RAISE",CHECK_OR_CALL,True,7.0,7.0,CHECK_OR_CALL,True,0.0,3.1787,3.1787,CHECK_OR_CALL,True,0.0,,,,False,
99b5b239,3,FLOP,1,8,0,0.0,0.264141,BET_OR_RAISE,"CHECK_OR_CALL,BET_OR_RAISE",CHECK_OR_CALL,,-0.9333,1.6667,CHECK_OR_CALL,False,2.6,2.811,3.8869,CHECK_OR_CALL,False,1.0759,,,,False,
99b5b239,4,FLOP,0,10,2,0.166667,0.735859,CHECK_OR_CALL,"FOLD,CHECK_OR_CALL,BET_OR_RAISE",CHECK_OR_CALL,True,6.1333,9.4,BET_OR_RAISE,False,3.2667,2.4418,2.6927,BET_OR_RAISE,False,0.2509,,,,False,
99b5b239,5,TURN,0,12,0,0.0,0.602273,CHECK_OR_CALL,"CHECK_OR_CALL,BET_OR_RAISE",CHECK_OR_CALL,True,9.1333,9.1333,CHECK_OR_CALL,True,0.0,4.9828,5.8064,BET_OR_RAISE,False,0.8236,,,,False,
99b5b239,6,TURN,1,12,0,0.0,0.397727,BET_OR_RAISE,"CHECK_OR_CALL,BET_OR_RAISE",CHECK_OR_CALL,,2.0667,3.0667,CHECK_OR_CALL,False,1.0,0.95,3.3666,CHECK_OR_CALL,False,2.4166,,,,False,
99b5b239,7,TURN,0,16,4,0.2,0.602273,FOLD,"FOLD,CHECK_OR_CALL,BET_OR_RAISE",CHECK_OR_CALL,False,0.0,8.5333,CHECK_OR_CALL,False,8.5333,0.0,6.1815,CHECK_OR_CALL,False,6.1815,,,,False,
f471d98b,0,PREFLOP,1,3,1,0.25,0.6444,BET_OR_RAISE,"FOLD,CHECK_OR_CALL,BET_OR_RAISE",CHECK_OR_CALL,,1.6667,2.4667,CHECK_OR_CALL,False,0.8,1.9347,1.9347,BET_OR_RAISE,True,0.0,,,,False,
f471d98b,1,PREFLOP,0,6,2,0.25,0.369,FOLD,"FOLD,CHECK_OR_CALL,BET_OR_RAISE",CHECK_OR_CALL,False,0.0,0.0667,CHECK_OR_CALL,False,0.0667,0.0,1.0834,CHECK_OR_CALL,False,1.0834,,,,False,
4c7c62bb,0,PREFLOP,1,3,1,0.25,0.2938,BET_OR_RAISE,"FOLD,CHECK_OR_CALL,BET_OR_RAISE",CHECK_OR_CALL,,-1.3333,0.0,FOLD,False,1.3333,-0.0497,0.7292,CHECK_OR_CALL,False,0.7788,,,,False,
4c7c62bb,1,PREFLOP,0,6,2,0.25,0.697,CHECK_OR_CALL,"FOLD,CHECK_OR_CALL,BET_OR_RAISE",CHECK_OR_CALL,True,4.4667,4.5333,BET_OR_RAISE,False,0.0667,0.762,0.762,CHECK_OR_CALL,True,0.0,,,,False,
4c7c62bb,2,FLOP,0,8,0,0.0,0.807071,CHECK_OR_CALL,"CHECK_OR_CALL,BET_OR_RAISE",CHECK_OR_CALL,True,8.2,8.2,CHECK_OR_CALL,True,0.0,1.6056,1.6056,CHECK_OR_CALL,True,0.0,,,,False,
4c7c62bb,3,FLOP,1,8,0,0.0,0.192929,BET_OR_RAISE,"CHECK_OR_CALL,BET_OR_RAISE",CHECK_OR_CALL,,-0.5333,-0.4667,CHECK_OR_CALL,False,0.0667,1.1377,1.7939,CHECK_OR_CALL,False,0.6562,,,,False,
4c7c62bb,4,FLOP,0,10,2,0.166667,0.807071,CHECK_OR_CALL,"FOLD,CHECK_OR_CALL,BET_OR_RAISE",CHECK_OR_CALL,True,9.4667,9.4667,CHECK_OR_CALL,True,0.0,1.7563,2.0145,BET_OR_RAISE,False,0.2582,,,,False,
4c7c62bb,5,TURN,0,12,0,0.0,0.795455,CHECK_OR_CALL,"CHECK_OR_CALL,BET_OR_RAISE",CHECK_OR_CALL,True,8.5333,15.3333,BET_OR_RAISE,False,6.8,6.4797,6.8405,BET_OR_RAISE,False,0.3609,,,,False,
4c7c62bb,6,TURN,1,12,0,0.0,0.204545,BET_OR_RAISE,"CHECK_OR_CALL,BET_OR_RAISE",CHECK_OR_CALL,,-0.8,0.9333,CHECK_OR_CALL,False,1.7333,-0.2044,2.7611,CHECK_OR_CALL,False,2.9655,,,,False,
4c7c62bb,7,TURN,0,16,4,0.2,0.795455,CHECK_OR_CALL,"FOLD,CHECK_OR_CALL,BET_OR_RAISE",CHECK_OR_CALL,True,12.8,14.5333,BET_OR_RAISE,False,1.7333,-1.5482,0.0,FOLD,False,1.5482,,,,False,
4c7c62bb,8,RIVER,0,20,0,0.0,1.0,CHECK_OR_CALL,"CHECK_OR_CALL,BET_OR_RAISE",CHECK_OR_CALL,True,23.4667,26.8,BET_OR_RAISE,False,3.3333,10.8005,11.2607,BET_OR_RAISE,False,0.4602,,,,False,
4c7c62bb,9,RIVER,1,20,0,0.0,0.0,BET_OR_RAISE,"CHECK_OR_CALL,BET_OR_RAISE",CHECK_OR_CALL,,-6.9333,-1.4667,CHECK_OR_CALL,False,5.4667,26.2688,26.2688,BET_OR_RAISE,True,0.0,,,,False,
4c7c62bb,10,RIVER,0,24,4,0.142857,1.0,FOLD,"FOLD,CHECK_OR_CALL,BET_OR_RAISE",CHECK_OR_CALL,False,0.0,31.3333,BET_OR_RAISE,False,31.3333,0.0,20.9754,BET_OR_RAISE,False,20.9754,,,,False,
3f5fefb5,0,PREFLOP,1,3,1,0.25,0.4151,BET_OR_RAISE,"FOLD,CHECK_OR_CALL,BET_OR_RAISE",CHECK_OR_CALL,,1.7333,1.7333,BET_OR_RAISE,True,0.0,1.5898,1.5898,BET_OR_RAISE,True,0.0,,,,False,
3f5fefb5,1,PREFLOP,0,6,2,0.25,0.5805,CHECK_OR_CALL,"FOLD,CHECK_OR_CALL,BET_OR_RAISE",CHECK_OR_CALL,True,3.0,3.0,CHECK_OR_CALL,True,0.0,2.0106,3.4177,BET_OR_RAISE,False,1.4072,,,,False,
3f5fefb5,2,FLOP,0,8,0,0.0,0.261616,CHECK_OR_CALL,"CHECK_OR_CALL,BET_OR_RAISE",CHECK_OR_CALL,True,0.9333,1.2667,BET_OR_RAISE,False,0.3333,4.3107,4.3107,CHECK_OR_CALL,True,0.0,,,,False,
3f5fefb5,3,FLOP,1,8,0,0.0,0.738384,BET_OR_RAISE,"CHECK_OR_CALL,BET_OR_RAISE",CHECK_OR_CALL,,8.3333,8.3333,BET_OR_RAISE,True,0.0,9.2021,9.2021,BET_OR_RAISE,True,0.0,,,,False,
3f5fefb5,4,FLOP,0,10,2,0.166667,0.261616,FOLD,"FOLD,CHECK_OR_CALL,BET_OR_RAISE",CHECK_OR_CALL,False,0.0,1.9333,CHECK_OR_CALL,False,1.9333,0.0,1.0899,BET_OR_RAISE,False,1.0899,,,,False,
57cf9b37,0,PREFLOP,1,3,1,0.25,0.6227,BET_OR_RAISE,"FOLD,CHECK_OR_CALL,BET_OR_RAISE",CHECK_OR_CALL,,2.2667,2.2667,BET_OR_RAISE,True,0.0,2.3847,2.3847,BET_OR_RAISE,True,0.0,,,,False,
57cf9b37,1,PREFLOP,0,6,2,0.25,0.3839,CHECK_OR_CALL,"FOLD,CHECK_OR_CALL,BET_OR_RAISE",CHECK_OR_CALL,True,-0.1333,0.8667,BET_OR_RAISE,False,1.0,2.8462,4.0381,BET_OR_RAISE,False,1.1919,,,,False,
57cf9b37,2,FLOP,0,8,0,0.0,0.333838,BET_OR_RAISE,"CHECK_OR_CALL,BET_OR_RAISE",CHECK_OR_CALL,,0.5333,1.1333,CHECK_OR_CALL,False,0.6,-1.1524,0.1511,CHECK_OR_CALL,False,1.3034,,,,False,
57cf9b37,3,FLOP,1,10,2,0.166667,0.666162,BET_OR_RAISE,"FOLD,CHECK_OR_CALL,BET_OR_RAISE",CHECK_OR_CALL,,4.4667,6.1333,CHECK_OR_CALL,False,1.6667,6.4133,6.4133,BET_OR_RAISE,True,0.0,,,,False,
57cf9b37,4,FLOP,0,14,2,0.125,0.333838,FOLD,"FOLD,CHECK_OR_CALL,BET_OR_RAISE",CHECK_OR_CALL,False,0.0,3.4,BET_OR_RAISE,False,3.4,0.0,2.7964,CHECK_OR_CALL,False,2.7964,,,,False,
7077d6d9,0,PREFLOP,1,3,1,0.25,0.4988,BET_OR_RAISE,"FOLD,CHECK_OR_CALL,BET_OR_RAISE",CHECK_OR_CALL,,1.0,1.0667,CHECK_OR_CALL,False,0.0667,-0.2655,1.0331,CHECK_OR_CALL,False,1.2986,,,,False,
7077d6d9,1,PREFLOP,0,6,2,0.25,0.4985,CHECK_OR_CALL,"FOLD,CHECK_OR_CALL,BET_OR_RAISE",CHECK_OR_CALL,True,2.2667,2.2667,CHECK_OR_CALL,True,0.0,0.4226,1.1024,BET_OR_RAISE,False,0.6798,,,,False,
7077d6d9,2,FLOP,0,8,0,0.0,0.5,CHECK_OR_CALL,"CHECK_OR_CALL,BET_OR_RAISE",CHECK_OR_CALL,True,4.1333,4.1333,CHECK_OR_CALL,True,0.0,2.5271,2.5271,CHECK_OR_CALL,True,0.0,,,,False,
7077d6d9,3,FLOP,1,8,0,0.0,0.5,BET_OR_RAISE,"CHECK_OR_CALL,BET_OR_RAISE",CHECK_OR_CALL,,4.1333,4.1333,CHECK_OR_CALL,False,0.0,4.1277,4.1277,BET_OR_RAISE,True,0.0,,,,False,
7077d6d9,4,FLOP,0,10,2,0.166667,0.5,FOLD,"FOLD,CHECK_OR_CALL,BET_OR_RAISE",CHECK_OR_CALL,False,0.0,4.2,BET_OR_RAISE,False,4.2,0.0,2.0319,CHECK_OR_CALL,False,2.0319,,,,False,
4ad7aa6b,0,PREFLOP,1,3,1,0.25,0.3957,BET_OR_RAISE,"FOLD,CHECK_OR_CALL,BET_OR_RAISE",CHECK_OR_CALL,,-0.8,0.0,FOLD,False,0.8,0.7253,1.121,CHECK_OR_CALL,False,0.3956,,,,False,
4ad7aa6b,1,PREFLOP,0,6,2,0.25,0.5971,CHECK_OR_CALL,"FOLD,CHECK_OR_CALL,BET_OR_RAISE",CHECK_OR_CALL,True,3.5333,3.5333,CHECK_OR_CALL,True,0.0,3.8139,5.4718,BET_OR_RAISE,False,1.6579,,,,False,
4ad7aa6b,2,FLOP,0,8,0,0.0,0.124242,CHECK_OR_CALL,"CHECK_OR_CALL,BET_OR_RAISE",CHECK_OR_CALL,True,-0.2,-0.2,CHECK_OR_CALL,True,0.0,6.4152,6.4152,CHECK_OR_CALL,True,0.0,,,,False,
4ad7aa6b,3,FLOP,1,8,0,0.0,0.875758,BET_OR_RAISE,"CHECK_OR_CALL,BET_OR_RAISE",CHECK_OR_CALL,,8.6667,9.0,CHECK_OR_CALL,False,0.3333,10.4312,10.4312,BET_OR_RAISE,True,0.0,,,,False,
4ad7aa6b,4,FLOP,0,10,2,0.166667,0.124242,FOLD,"FOLD,CHECK_OR_CALL,BET_OR_RAISE",FOLD,True,0.0,0.0,FOLD,True,0.0,0.0,4.2441,BET_OR_RAISE,False,4.2441,,,,False,
f4c40551,0,PREFLOP,1,3,1,0.25,0.6847,BET_OR_RAISE,"FOLD,CHECK_OR_CALL,BET_OR_RAISE",CHECK_OR_CALL,,3.3333,3.3333,BET_OR_RAISE,True,0.0,2.4091,2.4091,BET_OR_RAISE,True,0.0,,,,False,
f4c40551,1,PREFLOP,0,6,2,0.25,0.3122,CHECK_OR_CALL,"FOLD,CHECK_OR_CALL,BET_OR_RAISE",CHECK_OR_CALL,True,0.0667,0.0667,CHECK_OR_CALL,True,0.0,0.953,1.0885,BET_OR_RAISE,False,0.1355,,,,False,
f4c40551,2,FLOP,0,8,0,0.0,0.879798,CHECK_OR_CALL,"CHECK_OR_CALL,BET_OR_RAISE",CHECK_OR_CALL,True,8.0,9.6,BET_OR_RAISE,False,1.6,7.6258,7.6258,CHECK_OR_CALL,True,0.0,,,,False,
f4c40551,3,FLOP,1,8,0,0.0,0.120202,BET_OR_RAISE,"CHECK_OR_CALL,BET_OR_RAISE",CHECK_OR_CALL,,-2.2,-1.2667,CHECK_OR_CALL,False,0.9333,3.8777,3.8777,BET_OR_RAISE,True,0.0,,,,False,
f4c40551,4,FLOP,0,10,2,0.166667,0.879798,CHECK_OR_CALL,"FOLD,CHECK_OR_CALL,BET_OR_RAISE",CHECK_OR_CALL,True,10.1333,11.4667,BET_OR_RAISE,False,1.3333,9.0458,9.7184,BET_OR_RAISE,False,0.6726,,,,False,
f4c40551,5,TURN,0,12,0,0.0,0.772727,CHECK_OR_CALL,"CHECK_OR_CALL,BET_OR_RAISE",CHECK_OR_CALL,True,10.5333,13.4667,BET_OR_RAISE,False,2.9333,11.1033,12.8685,BET_OR_RAISE,False,1.7652,,,,False,
f4c40551,6,TURN,1,12,0,0.0,0.227273,BET_OR_RAISE,"CHECK_OR_CALL,BET_OR_RAISE",CHECK_OR_CALL,,-1.8667,1.3333,CHECK_OR_CALL,False,3.2,8.9275,8.9275,BET_OR_RAISE,True,0.0,,,,False,
f4c40551,7,TURN,0,16,4,0.2,0.772727,FOLD,"FOLD,CHECK_OR_CALL,BET_OR_RAISE",CHECK_OR_CALL,False,0.0,16.8,BET_OR_RAISE,False,16.8,0.0,17.4277,BET_OR_RAISE,False,17.4277,,,,False,
d5dfc0f7,0,PREFLOP,1,3,1,0.25,0.3178,BET_OR_RAISE,"FOLD,CHECK_OR_CALL,BET_OR_RAISE",CHECK_OR_CALL,,-1.0667,0.0,FOLD,False,1.0667,-0.0158,1.1323,CHECK_OR_CALL,False,1.1481,,,,False,
d5dfc0f7,1,PREFLOP,0,6,2,0.25,0.6774,FOLD,"FOLD,CHECK_OR_CALL,BET_OR_RAISE",CHECK_OR_CALL,False,0.0,4.3333,CHECK_OR_CALL,False,4.3333,0.0,4.9712,BET_OR_RAISE,False,4.9712,,,,False,
de20ae06,0,PREFLOP,1,3,1,0.25,0.5587,BET_OR_RAISE,"FOLD,CHECK_OR_CALL,BET_OR_RAISE",CHECK_OR_CALL,,2.4667,2.4667,BET_OR_RAISE,True,0.0,2.0288,2.0288,BET_OR_RAISE,True,0.0,,,,False,
de20ae06,1,PREFLOP,0,6,2,0.25,0.439,FOLD,"FOLD,CHECK_OR_CALL,BET_OR_RAISE",CHECK_OR_CALL,False,0.0,2.9333,BET_OR_RAISE,False,2.9333,0.0,0.9289,CHECK_OR_CALL,False,0.9289,,,,False,
b0190d33,0,PREFLOP,1,3,1,0.25,0.3688,BET_OR_RAISE,"FOLD,CHECK_OR_CALL,BET_OR_RAISE",CHECK_OR_CALL,,-1.4667,0.2667,CHECK_OR_CALL,False,1.7333,1.4262,1.4262,BET_OR_RAISE,True,0.0,,,,False,
b0190d33,1,PREFLOP,0,6,2,0.25,0.6375,CHECK_OR_CALL,"FOLD,CHECK_OR_CALL,BET_OR_RAISE",CHECK_OR_CALL,True,3.1333,4.3333,BET_OR_RAISE,False,1.2,4.0094,4.2653,BET_OR_RAISE,False,0.2559,,,,False,
b0190d33,2,FLOP,0,8,0,0.0,0.606061,CHECK_OR_CALL,"CHECK_OR_CALL,BET_OR_RAISE",CHECK_OR_CALL,True,3.9333,4.0,BET_OR_RAISE,False,0.0667,1.2133,1.2133,CHECK_OR_CALL,True,0.0,,,,False,
b0190d33,3,FLOP,1,8,0,0.0,0.393939,BET_OR_RAISE,"CHECK_OR_CALL,BET_OR_RAISE",CHECK_OR_CALL,,0.8,3.2,CHECK_OR_CALL,False,2.4,2.2384,2.8288,CHECK_OR_CALL,False,0.5904,,,,False,
b0190d33,4,FLOP,0,10,2,0.166667,0.606061,FOLD,"FOLD,CHECK_OR_CALL,BET_OR_RAISE",CHECK_OR_CALL,False,0.0,4.5333,BET_OR_RAISE,False,4.5333,0.0,0.1722,CHECK_OR_CALL,False,0.1722,,,,False,
61b63c67,0,PREFLOP,1,3,1,0.25,0.2535,BET_OR_RAISE,"FOLD,CHECK_OR_CALL,BET_OR_RAISE",CHECK_OR_CALL,,-2.4667,0.0,FOLD,False,2.4667,-0.3761,0.21,CHECK_OR_CALL,False,0.586,,,,False,
61b63c67,1,PREFLOP,0,6,2,0.25,0.7541,CHECK_OR_CALL,"FOLD,CHECK_OR_CALL,BET_OR_RAISE",CHECK_OR_CALL,True,4.5333,4.5333,CHECK_OR_CALL,True,0.0,3.2389,3.2389,CHECK_OR_CALL,True,0.0,,,,False,
61b63c67,2,FLOP,0,8,0,0.0,0.183333,CHECK_OR_CALL,"CHECK_OR_CALL,BET_OR_RAISE",CHECK_OR_CALL,True,2.0,2.0,CHECK_OR_CALL,True,0.0,5.0163,6.0183,BET_OR_RAISE,False,1.002,,,,False,
61b63c67,3,FLOP,1,8,0,0.0,0.816667,BET_OR_RAISE,"CHECK_OR_CALL,BET_OR_RAISE",CHECK_OR_CALL,,9.0,9.0,BET_OR_RAISE,True,0.0,8.5442,8.5442,BET_OR_RAISE,True,0.0,,,,False,
61b63c67,4,FLOP,0,10,2,0.166667,0.183333,FOLD,"FOLD,CHECK_OR_CALL,BET_OR_RAISE",CHECK_OR_CALL,False,0.0,0.2667,CHECK_OR_CALL,False,0.2667,0.0,3.607,CHECK_OR_CALL,False,3.607,,,,False,
904bba5e,0,PREFLOP,1,3,1,0.25,0.5488,BET_OR_RAISE,"FOLD,CHECK_OR_CALL,BET_OR_RAISE",CHECK_OR_CALL,,3.1333,3.1333,BET_OR_RAISE,True,0.0,1.2124,1.3734,CHECK_OR_CALL,False,0.1611,,,,False,
904bba5e,1,PREFLOP,0,6,2,0.25,0.4405,FOLD,"FOLD,CHECK_OR_CALL,BET_OR_RAISE",CHECK_OR_CALL,False,0.0,2.3333,BET_OR_RAISE,False,2.3333,0.0,0.7057,CHECK_OR_CALL,False,0.7057,,,,False,
07d351b2,0,PREFLOP,1,3,1,0.25,0.5305,BET_OR_RAISE,"FOLD,CHECK_OR_CALL,BET_OR_RAISE",CHECK_OR_CALL,,1.8,1.8,BET_OR_RAISE,True,0.0,0.5728,0.6189,CHECK_OR_CALL,False,0.0461,,,,False,
07d351b2,1,PREFLOP,0,6,2,0.25,0.4614,CHECK_OR_CALL,"FOLD,CHECK_OR_CALL,BET_OR_RAISE",CHECK_OR_CALL,True,2.8667,2.8667,CHECK_OR_CALL,True,0.0,3.3588,3.3588,CHECK_OR_CALL,True,0.0,,,,False,
07d351b2,2,FLOP,0,8,0,0.0,0.34697,CHECK_OR_CALL,"CHECK_OR_CALL,BET_OR_RAISE",CHECK_OR_CALL,True,3.5333,3.5333,CHECK_OR_CALL,True,0.0,3.4939,3.4939,CHECK_OR_CALL,True,0.0,,,,False,
07d351b2,3,FLOP,1,8,0,0.0,0.65303,BET_OR_RAISE,"CHECK_OR_CALL,BET_OR_RAISE",CHECK_OR_CALL,,5.0667,6.0,CHECK_OR_CALL,False,0.9333,3.9562,3.9562,BET_OR_RAISE,True,0.0,,,,False,
07d351b2,4,FLOP,0,10,2,0.166667,0.34697,FOLD,"FOLD,CHECK_OR_CALL,BET_OR_RAISE",CHECK_OR_CALL,False,0.0,3.6,BET_OR_RAISE,False,3.6,0.0,0.9059,CHECK_OR_CALL,False,0.9059,,,,False,
9e3608a7,0,PREFLOP,1,3,1,0.25,0.6427,BET_OR_RAISE,"FOLD,CHECK_OR_CALL,BET_OR_RAISE",CHECK_OR_CALL,,1.0667,2.0667,CHECK_OR_CALL,False,1.0,0.6524,1.1799,CHECK_OR_CALL,False,0.5275,,,,False,
9e3608a7,1,PREFLOP,0,6,2,0.25,0.3555,FOLD,"FOLD,CHECK_OR_CALL,BET_OR_RAISE",CHECK_OR_CALL,False,0.0,0.0,FOLD,True,0.0,0.0,1.3073,CHECK_OR_CALL,False,1.3073,,,,False,
3c3edc30,0,PREFLOP,1,3,1,0.25,0.6388,BET_OR_RAISE,"FOLD,CHECK_OR_CALL,BET_OR_RAISE",CHECK_OR_CALL,,2.6,2.8,CHECK_OR_CALL,False,0.2,2.0967,2.0967,BET_OR_RAISE,True,0.0,,,,False,
3c3edc30,1,PREFLOP,0,6,2,0.25,0.3646,CHECK_OR_CALL,"FOLD,CHECK_OR_CALL,BET_OR_RAISE",CHECK_OR_CALL,True,1.2,1.6,BET_OR_RAISE,False,0.4,1.1414,1.1414,CHECK_OR_CALL,True,0.0,,,,False,
3c3edc30,2,FLOP,0,8,0,0.0,0.236364,CHECK_OR_CALL,"CHECK_OR_CALL,BET_OR_RAISE",CHECK_OR_CALL,True,2.4667,2.4667,CHECK_OR_CALL,True,0.0,1.7063,1.7063,CHECK_OR_CALL,True,0.0,,,,False,
3c3edc30,3,FLOP,1,8,0,0.0,0.763636,BET_OR_RAISE,"CHECK_OR_CALL,BET_OR_RAISE",CHECK_OR_CALL,,6.9333,7.0667,CHECK_OR_CALL,False,0.1333,3.9537,3.9537,BET_OR_RAISE,True,0.0,,,,False,
3c3edc30,4,FLOP,0,10,2,0.166667,0.236364,FOLD,"FOLD,CHECK_OR_CALL,BET_OR_RAISE",CHECK_OR_CALL,False,0.0,2.3333,CHECK_OR_CALL,False,2.3333,0.0,0.3489,CHECK_OR_CALL,False,0.3489,,,,False,
eb57da8f,0,PREFLOP,1,3,1,0.25,0.6042,BET_OR_RAISE,"FOLD,CHECK_OR_CALL,BET_OR_RAISE",CHECK_OR_CALL,,2.8667,2.8667,BET_OR_RAISE,True,0.0,0.6764,1.0474,CHECK_OR_CALL,False,0.371,,,,False,
eb57da8f,1,PREFLOP,0,6,2,0.25,0.381,CHECK_OR_CALL,"FOLD,CHECK_OR_CALL,BET_OR_RAISE",CHECK_OR_CALL,True,0.4667,0.4667,CHECK_OR_CALL,True,0.0,0.6222,0.6222,CHECK_OR_CALL,True,0.0,,,,False,
eb57da8f,2,FLOP,0,8,0,0.0,0.552525,CHECK_OR_CALL,"CHECK_OR_CALL,BET_OR_RAISE",CHECK_OR_CALL,True,4.0,6.0,BET_OR_RAISE,False,2.0,6.4961,6.4961,CHECK_OR_CALL,True,0.0,,,,False,
eb57da8f,3,FLOP,1,8,0,0.0,0.447475,BET_OR_RAISE,"CHECK_OR_CALL,BET_OR_RAISE",CHECK_OR_CALL,,4.4,4.4,CHECK_OR_CALL,False,0.0,5.9438,5.9438,BET_OR_RAISE,True,0.0,,,,False,
eb57da8f,4,FLOP,0,10,2,0.166667,0.552525,FOLD,"FOLD,CHECK_OR_CALL,BET_OR_RAISE",CHECK_OR_CALL,False,0.0,3.3333,CHECK_OR_CALL,False,3.3333,0.0,3.7945,CHECK_OR_CALL,False,3.7945,,,,False,
804e62f9,0,PREFLOP,1,3,1,0.25,0.2593,BET_OR_RAISE,"FOLD,CHECK_OR_CALL,BET_OR_RAISE",CHECK_OR_CALL,,-2.0667,0.0,FOLD,False,2.0667,2.1473,2.1473,BET_OR_RAISE,True,0.0,,,,False,
804e62f9,1,PREFLOP,0,6,2,0.25,0.7305,CHECK_OR_CALL,"FOLD,CHECK_OR_CALL,BET_OR_RAISE",CHECK_OR_CALL,True,6.0,6.0,CHECK_OR_CALL,True,0.0,2.5388,2.9473,BET_OR_RAISE,False,0.4085,,,,False,
804e62f9,2,FLOP,0,8,0,0.0,0.858586,CHECK_OR_CALL,"CHECK_OR_CALL,BET_OR_RAISE",CHECK_OR_CALL,True,7.6667,9.4667,BET_OR_RAISE,False,1.8,5.3596,5.3596,CHECK_OR_CALL,True,0.0,,,,False,
804e62f9,3,FLOP,1,8,0,0.0,0.141414,BET_OR_RAISE,"CHECK_OR_CALL,BET_OR_RAISE",CHECK_OR_CALL,,-2.2,-0.4667,CHECK_OR_CALL,False,1.7333,3.0684,4.0793,CHECK_OR_CALL,False,1.0109,,,,False,
804e62f9,4,FLOP,0,10,2,0.166667,0.858586,CHECK_OR_CALL,"FOLD,CHECK_OR_CALL,BET_OR_RAISE",CHECK_OR_CALL,True,8.5333,10.8,BET_OR_RAISE,False,2.2667,5.1815,5.5985,BET_OR_RAISE,False,0.417,,,,False,
804e62f9,5,TURN,0,12,0,0.0,0.852273,CHECK_OR_CALL,"CHECK_OR_CALL,BET_OR_RAISE",CHECK_OR_CALL,True,11.8667,16.0667,BET_OR_RAISE,False,4.2,7.9957,8.0679,BET_OR_RAISE,False,0.0721,,,,False,
804e62f9,6,TURN,1,12,0,0.0,0.147727,BET_OR_RAISE,"CHECK_OR_CALL,BET_OR_RAISE",CHECK_OR_CALL,,-5.5333,-1.1333,CHECK_OR_CALL,False,4.4,12.2603,12.2603,BET_OR_RAISE,True,0.0,,,,False,
804e62f9,7,TURN,0,16,4,0.2,0.852273,CHECK_OR_CALL,"FOLD,CHECK_OR_CALL,BET_OR_RAISE",CHECK_OR_CALL,True,14.8667,18.4,BET_OR_RAISE,False,3.5333,9.8922,10.5718,BET_OR_RAISE,False,0.6796,,,,False,
804e62f9,8,RIVER,0,20,0,0.0,0.0,CHECK_OR_CALL,"CHECK_OR_CALL,BET_OR_RAISE",CHECK_OR_CALL,True,-2.4,-2.4,CHECK_OR_CALL,True,0.0,17.7506,20.0031,BET_OR_RAISE,False,2.2525,,,,False,
804e62f9,9,RIVER,1,20,0,0.0,1.0,BET_OR_RAISE,"CHECK_OR_CALL,BET_OR_RAISE",CHECK_OR_CALL,,27.2,27.2,BET_OR_RAISE,True,0.0,26.3351,26.3351,BET_OR_RAISE,True,0.0,,,,False,
804e62f9,10,RIVER,0,24,4,0.142857,0.0,CHECK_OR_CALL,"FOLD,CHECK_OR_CALL,BET_OR_RAISE",FOLD,False,-7.4667,0.0,FOLD,False,7.4667,9.3305,9.3305,CHECK_OR_CALL,True,0.0,,,,False,
76131893,0,PREFLOP,1,3,1,0.25,0.7036,BET_OR_RAISE,"FOLD,CHECK_OR_CALL,BET_OR_RAISE",CHECK_OR_CALL,,2.2667,2.2667,BET_OR_RAISE,True,0.0,4.0664,4.0664,BET_OR_RAISE,True,0.0,,,,False,
76131893,1,PREFLOP,0,6,2,0.25,0.3166,CHECK_OR_CALL,"FOLD,CHECK_OR_CALL,BET_OR_RAISE",CHECK_OR_CALL,True,1.7333,1.7333,CHECK_OR_CALL,True,0.0,2.1941,3.202,BET_OR_RAISE,False,1.0079,,,,False,
76131893,2,FLOP,0,8,0,0.0,0.192929,CHECK_OR_CALL,"CHECK_OR_CALL,BET_OR_RAISE",CHECK_OR_CALL,True,1.0,1.0,CHECK_OR_CALL,True,0.0,5.7728,5.7728,CHECK_OR_CALL,True,0.0,,,,False,
76131893,3,FLOP,1,8,0,0.0,0.807071,BET_OR_RAISE,"CHECK_OR_CALL,BET_OR_RAISE",CHECK_OR_CALL,,8.0,8.0,BET_OR_RAISE,True,0.0,8.2257,8.2257,BET_OR_RAISE,True,0.0,,,,False,
76131893,4,FLOP,0,10,2,0.166667,0.192929,FOLD,"FOLD,CHECK_OR_CALL,BET_OR_RAISE",CHECK_OR_CALL,False,0.0,0.0,FOLD,True,0.0,0.0,4.5645,BET_OR_RAISE,False,4.5645,,,,False,
7dfc9126,0,PREFLOP,1,3,1,0.25,0.3598,BET_OR_RAISE,"FOLD,CHECK_OR_CALL,BET_OR_RAISE",CHECK_OR_CALL,,-1.2667,0.0,FOLD,False,1.2667,1.4105,1.4105,BET_OR_RAISE,True,0.0,,,,False,
7dfc9126,1,PREFLOP,0,6,2,0.25,0.6442,CHECK_OR_CALL,"FOLD,CHECK_OR_CALL,BET_OR_RAISE",CHECK_OR_CALL,True,3.8667,3.8667,CHECK_OR_CALL,True,0.0,2.9319,3.4881,BET_OR_RAISE,False,0.5562,,,,False,
7dfc9126,2,FLOP,0,8,0,0.0,0.774242,CHECK_OR_CALL,"CHECK_OR_CALL,BET_OR_RAISE",CHECK_OR_CALL,True,6.0667,6.9333,BET_OR_RAISE,False,0.8667,5.71,6.0997,BET_OR_RAISE,False,0.3898,,,,False,
7dfc9126,3,FLOP,1,8,0,0.0,0.225758,BET_OR_RAISE,"CHECK_OR_CALL,BET_OR_RAISE",CHECK_OR_CALL,,-0.8,0.2667,CHECK_OR_CALL,False,1.0667,2.85,2.85,BET_OR_RAISE,True,0.0,,,,False,
7dfc9126,4,FLOP,0,10,2,0.166667,0.774242,FOLD,"FOLD,CHECK_OR_CALL,BET_OR_RAISE",CHECK_OR_CALL,False,0.0,10.4667,CHECK_OR_CALL,False,10.4667,0.0,5.2346,CHECK_OR_CALL,False,5.2346,,,,False,
bc290753,0,PREFLOP,1,3,1,0.25,0.6444,BET_OR_RAISE,"FOLD,CHECK_OR_CALL,BET_OR_RAISE",CHECK_OR_CALL,,2.4667,2.4667,BET_OR_RAISE,True,0.0,2.1853,2.1853,BET_OR_RAISE,True,0.0,,,,False,
bc290753,1,PREFLOP,0,6,2,0.25,0.3575,FOLD,"FOLD,CHECK_OR_CALL,BET_OR_RAISE",CHECK_OR_CALL,False,0.0,2.0,BET_OR_RAISE,False,2.0,0.0,0.5781,CHECK_OR_CALL,False,0.5781,,,,False,
8b5bd4dc,0,PREFLOP,1,3,1,0.25,0.3563,BET_OR_RAISE,"FOLD,CHECK_OR_CALL,BET_OR_RAISE",CHECK_OR_CALL,,-0.2,0.0,FOLD,False,0.2,-0.6089,0.0,FOLD,False,0.6089,,,,False,
8b5bd4dc,1,PREFLOP,0,6,2,0.25,0.6235,CHECK_OR_CALL,"FOLD,CHECK_OR_CALL,BET_OR_RAISE",CHECK_OR_CALL,True,3.4667,3.4667,CHECK_OR_CALL,True,0.0,3.7431,3.9585,BET_OR_RAISE,False,0.2154,,,,False,
8b5bd4dc,2,FLOP,0,8,0,0.0,0.332828,CHECK_OR_CALL,"CHECK_OR_CALL,BET_OR_RAISE",CHECK_OR_CALL,True,0.5333,1.0667,BET_OR_RAISE,False,0.5333,3.9919,3.9919,CHECK_OR_CALL,True,0.0,,,,False,
8b5bd4dc,3,FLOP,1,8,0,0.0,0.667172,BET_OR_RAISE,"CHECK_OR_CALL,BET_OR_RAISE",CHECK_OR_CALL,,6.6,6.6,BET_OR_RAISE,True,0.0,2.3418,2.9297,CHECK_OR_CALL,False,0.5879,,,,False,
8b5bd4dc,4,FLOP,0,10,2,0.166667,0.332828,CHECK_OR_CALL,"FOLD,CHECK_OR_CALL,BET_OR_RAISE",CHECK_OR_CALL,True,3.0,3.6667,BET_OR_RAISE,False,0.6667,1.8968,2.7167,BET_OR_RAISE,False,0.82,,,,False,
8b5bd4dc,5,TURN,0,12,0,0.0,0.295455,CHECK_OR_CALL,"CHECK_OR_CALL,BET_OR_RAISE",CHECK_OR_CALL,True,2.5333,2.5333,CHECK_OR_CALL,True,0.0,6.8942,8.2092,BET_OR_RAISE,False,1.315,,,,False,
8b5bd4dc,6,TURN,1,12,0,0.0,0.704545,BET_OR_RAISE,"CHECK_OR_CALL,BET_OR_RAISE",CHECK_OR_CALL,,10.5333,10.5333,BET_OR_RAISE,True,0.0,12.1075,12.1075,BET_OR_RAISE,True,0.0,,,,False,
8b5bd4dc,7,TURN,0,16,4,0.2,0.295455,FOLD,"FOLD,CHECK_OR_CALL,BET_OR_RAISE",CHECK_OR_CALL,False,0.0,1.6,CHECK_OR_CALL,False,1.6,0.0,6.4338,BET_OR_RAISE,False,6.4338,,,,False,
c252e31e,0,PREFLOP,1,3,1,0.25,0.6486,BET_OR_RAISE,"FOLD,CHECK_OR_CALL,BET_OR_RAISE",CHECK_OR_CALL,,3.8667,3.8667,BET_OR_RAISE,True,0.0,1.1117,1.2891,CHECK_OR_CALL,False,0.1774,,,,False,
c252e31e,1,PREFLOP,0,6,2,0.25,0.3461,FOLD,"FOLD,CHECK_OR_CALL,BET_OR_RAISE",CHECK_OR_CALL,False,0.0,3.0667,BET_OR_RAISE,False,3.0667,0.0,1.4302,CHECK_OR_CALL,False,1.4302,,,,False,
0fb19759,0,PREFLOP,1,3,1,0.25,0.6333,BET_OR_RAISE,"FOLD,CHECK_OR_CALL,BET_OR_RAISE",CHECK_OR_CALL,,2.2,2.2,BET_OR_RAISE,True,0.0,1.0018,1.0018,BET_OR_RAISE,True,0.0,,,,False,
0fb19759,1,PREFLOP,0,6,2,0.25,0.3525,FOLD,"FOLD,CHECK_OR_CALL,BET_OR_RAISE",CHECK_OR_CALL,False,0.0,0.1333,BET_OR_RAISE,False,0.1333,0.0,0.8392,CHECK_OR_CALL,False,0.8392,,,,False,
d1abeb7c,0,PREFLOP,1,3,1,0.25,0.5694,BET_OR_RAISE,"FOLD,CHECK_OR_CALL,BET_OR_RAISE",CHECK_OR_CALL,,2.6,2.6,BET_OR_RAISE,True,0.0,0.4691,1.01,CHECK_OR_CALL,False,0.5409,,,,False,
d1abeb7c,1,PREFLOP,0,6,2,0.25,0.4431,FOLD,"FOLD,CHECK_OR_CALL,BET_OR_RAISE",CHECK_OR_CALL,False,0.0,2.2,CHECK_OR_CALL,False,2.2,0.0,2.9737,CHECK_OR_CALL,False,2.9737,,,,False,
b05ff194,0,PREFLOP,1,3,1,0.25,0.3687,BET_OR_RAISE,"FOLD,CHECK_OR_CALL,BET_OR_RAISE",CHECK_OR_CALL,,-1.1333,1.4667,CHECK_OR_CALL,False,2.6,-0.798,0.4838,CHECK_OR_CALL,False,1.2818,,,,False,
b05ff194,1,PREFLOP,0,6,2,0.25,0.6253,CHECK_OR_CALL,"FOLD,CHECK_OR_CALL,BET_OR_RAISE",CHECK_OR_CALL,True,3.4667,3.4667,CHECK_OR_CALL,True,0.0,2.3959,2.861,BET_OR_RAISE,False,0.465,,,,False,
b05ff194,2,FLOP,0,8,0,0.0,0.671212,CHECK_OR_CALL,"CHECK_OR_CALL,BET_OR_RAISE",CHECK_OR_CALL,True,6.2667,6.2667,CHECK_OR_CALL,True,0.0,1.4282,1.4282,CHECK_OR_CALL,True,0.0,,,,False,
b05ff194,3,FLOP,1,8,0,0.0,0.328788,BET_OR_RAISE,"CHECK_OR_CALL,BET_OR_RAISE",CHECK_OR_CALL,,1.2,3.6,CHECK_OR_CALL,False,2.4,-0.1366,1.2918,CHECK_OR_CALL,False,1.4284,,,,False,
b05ff194,4,FLOP,0,10,2,0.166667,0.671212,CHECK_OR_CALL,"FOLD,CHECK_OR_CALL,BET_OR_RAISE",CHECK_OR_CALL,True,7.0,7.0,CHECK_OR_CALL,True,0.0,-0.2838,0.0,FOLD,False,0.2838,,,,False,
b05ff194,5,TURN,0,12,0,0.0,0.931818,CHECK_OR_CALL,"CHECK_OR_CALL,BET_OR_RAISE",CHECK_OR_CALL,True,12.5333,18.6667,BET_OR_RAISE,False,6.1333,12.4083,14.6006,BET_OR_RAISE,False,2.1923,,,,False,
b05ff194,6,TURN,1,12,0,0.0,0.068182,BET_OR_RAISE,"CHECK_OR_CALL,BET_OR_RAISE",CHECK_OR_CALL,,-4.6667,-0.1333,CHECK_OR_CALL,False,4.5333,2.654,4.752,CHECK_OR_CALL,False,2.0979,,,,False,
b05ff194,7,TURN,0,16,4,0.2,0.931818,FOLD,"FOLD,CHECK_OR_CALL,BET_OR_RAISE",CHECK_OR_CALL,False,0.0,19.6,BET_OR_RAISE,False,19.6,0.0,5.7266,BET_OR_RAISE,False,5.7266,,,,False,
5d853ec5,0,PREFLOP,1,3,1,0.25,0.2869,BET_OR_RAISE,"FOLD,CHECK_OR_CALL,BET_OR_RAISE",CHECK_OR_CALL,,-1.6667,0.0,FOLD,False,1.6667,1.0544,1.0659,CHECK_OR_CALL,False,0.0115,,,,False,
5d853ec5,1,PREFLOP,0,6,2,0.25,0.7201,FOLD,"FOLD,CHECK_OR_CALL,BET_OR_RAISE",CHECK_OR_CALL,False,0.0,4.0667,BET_OR_RAISE,False,4.0667,0.0,2.3198,BET_OR_RAISE,False,2.3198,,,,False,
81135c06,0,PREFLOP,1,3,1,0.25,0.5649,BET_OR_RAISE,"FOLD,CHECK_OR_CALL,BET_OR_RAISE",CHECK_OR_CALL,,2.2,2.2,BET_OR_RAISE,True,0.0,0.9087,0.965,CHECK_OR_CALL,False,0.0563,,,,False,
81135c06,1,PREFLOP,0,6,2,0.25,0.4367,CHECK_OR_CALL,"FOLD,CHECK_OR_CALL,BET_OR_RAISE",CHECK_OR_CALL,True,2.6,2.6,CHECK_OR_CALL,True,0.0,1.8289,1.9954,BET_OR_RAISE,False,0.1665,,,,False,
81135c06,2,FLOP,0,8,0,0.0,0.221212,CHECK_OR_CALL,"CHECK_OR_CALL,BET_OR_RAISE",CHECK_OR_CALL,True,1.0667,1.0667,CHECK_OR_CALL,True,0.0,2.5403,2.5403,CHECK_OR_CALL,True,0.0,,,,False,
81135c06,3,FLOP,1,8,0,0.0,0.778788,BET_OR_RAISE,"CHECK_OR_CALL,BET_OR_RAISE",CHECK_OR_CALL,,8.5333,8.5333,BET_OR_RAISE,True,0.0,4.3634,4.3634,BET_OR_RAISE,True,0.0,,,,False,
81135c06,4,FLOP,0,10,2,0.166667,0.221212,FOLD,"FOLD,CHECK_OR_CALL,BET_OR_RAISE",CHECK_OR_CALL,False,0.0,0.0,FOLD,True,0.0,0.0,0.0,FOLD,True,0.0,,,,False,
782ae46a,0,PREFLOP,1,3,1,0.25,0.3467,BET_OR_RAISE,"FOLD,CHECK_OR_CALL,BET_OR_RAISE",CHECK_OR_CALL,,-0.4667,0.0,FOLD,False,0.4667,-0.7402,0.0,FOLD,False,0.7402,,,,False,
782ae46a,1,PREFLOP,0,6,2,0.25,0.6612,CHECK_OR_CALL,"FOLD,CHECK_OR_CALL,BET_OR_RAISE",CHECK_OR_CALL,True,3.0667,6.4,BET_OR_RAISE,False,3.3333,2.7287,3.6196,BET_OR_RAISE,False,0.8909,,,,False,
782ae46a,2,FLOP,0,8,0,0.0,0.761616,CHECK_OR_CALL,"CHECK_OR_CALL,BET_OR_RAISE",CHECK_OR_CALL,True,6.6,6.6,CHECK_OR_CALL,True,0.0,1.3239,1.3239,CHECK_OR_CALL,True,0.0,,,,False,
782ae46a,3,FLOP,1,8,0,0.0,0.238384,BET_OR_RAISE,"CHECK_OR_CALL,BET_OR_RAISE",CHECK_OR_CALL,,-1.0667,-0.1333,CHECK_OR_CALL,False,0.9333,2.0072,2.8337,CHECK_OR_CALL,False,0.8265,,,,False,
782ae46a,4,FLOP,0,10,2,0.166667,0.761616,CHECK_OR_CALL,"FOLD,CHECK_OR_CALL,BET_OR_RAISE",CHECK_OR_CALL,True,8.2,8.2,CHECK_OR_CALL,True,0.0,3.0374,3.332,BET_OR_RAISE,False,0.2946,,,,False,
782ae46a,5,TURN,0,12,0,0.0,0.863636,BET_OR_RAISE,"CHECK_OR_CALL,BET_OR_RAISE",CHECK_OR_CALL,,15.6,15.6,BET_OR_RAISE,True,0.0,9.3988,9.3988,BET_OR_RAISE,True,0.0,,,,False,
782ae46a,6,TURN,1,16,4,0.2,0.136364,BET_OR_RAISE,"FOLD,CHECK_OR_CALL,BET_OR_RAISE",FOLD,,-7.0667,0.0,FOLD,False,7.0667,13.2854,13.9595,CHECK_OR_CALL,False,0.6741,,,,False,
782ae46a,7,TURN,0,24,4,0.142857,0.863636,FOLD,"FOLD,CHECK_OR_CALL,BET_OR_RAISE",CHECK_OR_CALL,False,0.0,24.9333,BET_OR_RAISE,False,24.9333,0.0,14.2456,BET_OR_RAISE,False,14.2456,,,,False,
6f0a674b,0,PREFLOP,1,3,1,0.25,0.6087,BET_OR_RAISE,"FOLD,CHECK_OR_CALL,BET_OR_RAISE",CHECK_OR_CALL,,1.1333,1.1333,BET_OR_RAISE,True,0.0,-0.0626,1.0013,CHECK_OR_CALL,False,1.0639,,,,False,
6f0a674b,1,PREFLOP,0,6,2,0.25,0.404,CHECK_OR_CALL,"FOLD,CHECK_OR_CALL,BET_OR_RAISE",CHECK_OR_CALL,True,1.6,1.6,CHECK_OR_CALL,True,0.0,1.373,1.7036,BET_OR_RAISE,False,0.3305,,,,False,
6f0a674b,2,FLOP,0,8,0,0.0,0.853535,CHECK_OR_CALL,"CHECK_OR_CALL,BET_OR_RAISE",CHECK_OR_CALL,True,8.6,10.3333,BET_OR_RAISE,False,1.7333,6.9689,7.6697,BET_OR_RAISE,False,0.7008,,,,False,
6f0a674b,3,FLOP,1,8,0,0.0,0.146465,BET_OR_RAISE,"CHECK_OR_CALL,BET_OR_RAISE",CHECK_OR_CALL,,1.2667,1.2667,BET_OR_RAISE,True,0.0,5.3224,5.3224,BET_OR_RAISE,True,0.0,,,,False,
6f0a674b,4,FLOP,0,10,2,0.166667,0.853535,CHECK_OR_CALL,"FOLD,CHECK_OR_CALL,BET_OR_RAISE",CHECK_OR_CALL,True,8.8667,10.7333,BET_OR_RAISE,False,1.8667,8.6837,9.8282,BET_OR_RAISE,False,1.1445,,,,False,
6f0a674b,5,TURN,0,12,0,0.0,0.840909,CHECK_OR_CALL,"CHECK_OR_CALL,BET_OR_RAISE",CHECK_OR_CALL,True,10.4,15.0667,BET_OR_RAISE,False,4.6667,5.931,7.2641,BET_OR_RAISE,False,1.3331,,,,False,
6f0a674b,6,TURN,1,12,0,0.0,0.159091,BET_OR_RAISE,"CHECK_OR_CALL,BET_OR_RAISE",CHECK_OR_CALL,,1.2,1.2,BET_OR_RAISE,True,0.0,13.4018,13.4018,BET_OR_RAISE,True,0.0,,,,False,
6f0a674b,7,TURN,0,16,4,0.2,0.840909,CHECK_OR_CALL,"FOLD,CHECK_OR_CALL,BET_OR_RAISE",CHECK_OR_CALL,True,16.0,18.0,BET_OR_RAISE,False,2.0,7.0394,7.7231,BET_OR_RAISE,False,0.6837,,,,False,
6f0a674b,8,RIVER,0,20,0,0.0,1.0,CHECK_OR_CALL,"CHECK_OR_CALL,BET_OR_RAISE",CHECK_OR_CALL,True,22.9333,26.2667,BET_OR_RAISE,False,3.3333,8.5045,8.5045,CHECK_OR_CALL,True,0.0,,,,False,
6f0a674b,9,RIVER,1,20,0,0.0,0.0,BET_OR_RAISE,"CHECK_OR_CALL,BET_OR_RAISE",CHECK_OR_CALL,,-7.0667,-3.0667,CHECK_OR_CALL,False,4.0,8.8965,8.8965,BET_OR_RAISE,True,0.0,,,,False,
6f0a674b,10,RIVER,0,24,4,0.142857,1.0,FOLD,"FOLD,CHECK_OR_CALL,BET_OR_RAISE",CHECK_OR_CALL,False,0.0,30.6667,BET_OR_RAISE,False,30.6667,0.0,8.5843,CHECK_OR_CALL,False,8.5843,,,,False,
bc8351e6,0,PREFLOP,1,3,1,0.25,0.6622,BET_OR_RAISE,"FOLD,CHECK_OR_CALL,BET_OR_RAISE",CHECK_OR_CALL,,3.0,3.0,BET_OR_RAISE,True,0.0,1.9814,1.9814,BET_OR_RAISE,True,0.0,,,,False,
bc8351e6,1,PREFLOP,0,6,2,0.25,0.3366,CHECK_OR_CALL,"FOLD,CHECK_OR_CALL,BET_OR_RAISE",CHECK_OR_CALL,True,-0.0667,0.0,FOLD,False,0.0667,1.4925,1.7048,BET_OR_RAISE,False,0.2123,,,,False,
bc8351e6,2,FLOP,0,8,0,0.0,0.031313,CHECK_OR_CALL,"CHECK_OR_CALL,BET_OR_RAISE",CHECK_OR_CALL,True,-0.8,-0.8,CHECK_OR_CALL,True,0.0,2.7564,2.7564,CHECK_OR_CALL,True,0.0,,,,False,
bc8351e6,3,FLOP,1,8,0,0.0,0.968687,BET_OR_RAISE,"CHECK_OR_CALL,BET_OR_RAISE",CHECK_OR_CALL,,11.1333,11.1333,BET_OR_RAISE,True,0.0,6.7919,6.7919,BET_OR_RAISE,True,0.0,,,,False,
bc8351e6,4,FLOP,0,10,2,0.166667,0.031313,FOLD,"FOLD,CHECK_OR_CALL,BET_OR_RAISE",FOLD,True,0.0,0.0,FOLD,True,0.0,0.0,0.8364,CHECK_OR_CALL,False,0.8364,,,,False,
c106e321,0,PREFLOP,1,3,1,0.25,0.6948,BET_OR_RAISE,"FOLD,CHECK_OR_CALL,BET_OR_RAISE",CHECK_OR_CALL,,3.0,3.0,BET_OR_RAISE,True,0.0,2.1026,2.1026,BET_OR_RAISE,True,0.0,,,,False,
c106e321,1,PREFLOP,0,6,2,0.25,0.3157,CHECK_OR_CALL,"FOLD,CHECK_OR_CALL,BET_OR_RAISE",CHECK_OR_CALL,True,-0.4,0.0,FOLD,False,0.4,1.8615,1.8615,CHECK_OR_CALL,True,0.0,,,,False,
c106e321,2,FLOP,0,8,0,0.0,0.243939,CHECK_OR_CALL,"CHECK_OR_CALL,BET_OR_RAISE",CHECK_OR_CALL,True,1.0667,1.9333,BET_OR_RAISE,False,0.8667,-0.0043,-0.0043,CHECK_OR_CALL,True,0.0,,,,False,
c106e321,3,FLOP,1,8,0,0.0,0.756061,BET_OR_RAISE,"CHECK_OR_CALL,BET_OR_RAISE",CHECK_OR_CALL,,7.8,7.8,BET_OR_RAISE,True,0.0,4.9647,4.9647,BET_OR_RAISE,True,0.0,,,,False,
c106e321,4,FLOP,0,10,2,0.166667,0.243939,FOLD,"FOLD,CHECK_OR_CALL,BET_OR_RAISE",CHECK_OR_CALL,False,0.0,0.1333,BET_OR_RAISE,False,0.1333,0.0,2.0141,BET_OR_RAISE,False,2.0141,,,,False,
8ff6552a,0,PREFLOP,1,3,1,0.25,0.3039,BET_OR_RAISE,"FOLD,CHECK_OR_CALL,BET_OR_RAISE",CHECK_OR_CALL,,-0.6,0.0,FOLD,False,0.6,0.4562,0.4562,BET_OR_RAISE,True,0.0,,,,False,
8ff6552a,1,PREFLOP,0,6,2,0.25,0.6869,CHECK_OR_CALL,"FOLD,CHECK_OR_CALL,BET_OR_RAISE",CHECK_OR_CALL,True,4.8667,4.8667,CHECK_OR_CALL,True,0.0,5.3929,6.148,BET_OR_RAISE,False,0.7551,,,,False,
8ff6552a,2,FLOP,0,8,0,0.0,0.79798,CHECK_OR_CALL,"CHECK_OR_CALL,BET_OR_RAISE",CHECK_OR_CALL,True,7.6,9.6667,BET_OR_RAISE,False,2.0667,7.1376,8.028,BET_OR_RAISE,False,0.8904,,,,False,
8ff6552a,3,FLOP,1,8,0,0.0,0.20202,BET_OR_RAISE,"CHECK_OR_CALL,BET_OR_RAISE",CHECK_OR_CALL,,-1.3333,0.8,CHECK_OR_CALL,False,2.1333,7.3846,7.3846,BET_OR_RAISE,True,0.0,,,,False,
8ff6552a,4,FLOP,0,10,2,0.166667,0.79798,FOLD,"FOLD,CHECK_OR_CALL,BET_OR_RAISE",CHECK_OR_CALL,False,0.0,12.1333,BET_OR_RAISE,False,12.1333,0.0,8.7313,BET_OR_RAISE,False,8.7313,,,,False,
0568456f,0,PREFLOP,1,3,1,0.25,0.6874,BET_OR_RAISE,"FOLD,CHECK_OR_CALL,BET_OR_RAISE",CHECK_OR_CALL,,3.6667,3.6667,BET_OR_RAISE,True,0.0,1.7276,1.7276,BET_OR_RAISE,True,0.0,,,,False,
0568456f,1,PREFLOP,0,6,2,0.25,0.3171,CHECK_OR_CALL,"FOLD,CHECK_OR_CALL,BET_OR_RAISE",CHECK_OR_CALL,True,-0.2667,0.0,FOLD,False,0.2667,-0.0081,0.0,FOLD,False,0.0081,,,,False,
0568456f,2,FLOP,0,8,0,0.0,0.235859,CHECK_OR_CALL,"CHECK_OR_CALL,BET_OR_RAISE",CHECK_OR_CALL,True,1.0667,1.0667,CHECK_OR_CALL,True,0.0,0.5913,0.5913,CHECK_OR_CALL,True,0.0,,,,False,
0568456f,3,FLOP,1,8,0,0.0,0.764141,BET_OR_RAISE,"CHECK_OR_CALL,BET_OR_RAISE",CHECK_OR_CALL,,6.6667,6.8,CHECK_OR_CALL,False,0.1333,3.6795,3.6795,BET_OR_RAISE,True,0.0,,,,False,
0568456f,4,FLOP,0,10,2,0.166667,0.235859,FOLD,"FOLD,CHECK_OR_CALL,BET_OR_RAISE",CHECK_OR_CALL,False,0.0,0.6667,CHECK_OR_CALL,False,0.6667,0.0,1.3004,CHECK_OR_CALL,False,1.3004,,,,False,
2fb41d3f,0,PREFLOP,1,3,1,0.25,0.3464,BET_OR_RAISE,"FOLD,CHECK_OR_CALL,BET_OR_RAISE",CHECK_OR_CALL,,-1.8667,0.0,FOLD,False,1.8667,0.7505,0.7505,BET_OR_RAISE,True,0.0,,,,False,
2fb41d3f,1,PREFLOP,0,6,2,0.25,0.6384,CHECK_OR_CALL,"FOLD,CHECK_OR_CALL,BET_OR_RAISE",CHECK_OR_CALL,True,4.0,4.4,BET_OR_RAISE,False,0.4,1.5396,1.9278,BET_OR_RAISE,False,0.3882,,,,False,
2fb41d3f,2,FLOP,0,8,0,0.0,0.593939,CHECK_OR_CALL,"CHECK_OR_CALL,BET_OR_RAISE",CHECK_OR_CALL,True,5.8,9.0,BET_OR_RAISE,False,3.2,5.1954,5.1954,CHECK_OR_CALL,True,0.0,,,,False,
2fb41d3f,3,FLOP,1,8,0,0.0,0.406061,BET_OR_RAISE,"CHECK_OR_CALL,BET_OR_RAISE",CHECK_OR_CALL,,3.2,3.8,CHECK_OR_CALL,False,0.6,1.1108,2.0865,CHECK_OR_CALL,False,0.9757,,,,False,
2fb41d3f,4,FLOP,0,10,2,0.166667,0.593939,CHECK_OR_CALL,"FOLD,CHECK_OR_CALL,BET_OR_RAISE",CHECK_OR_CALL,True,4.3333,4.3333,CHECK_OR_CALL,True,0.0,6.1931,6.1931,CHECK_OR_CALL,True,0.0,,,,False,
2fb41d3f,5,TURN,0,12,0,0.0,0.590909,CHECK_OR_CALL,"CHECK_OR_CALL,BET_OR_RAISE",CHECK_OR_CALL,True,8.6667,8.9333,BET_OR_RAISE,False,0.2667,-0.4029,-0.4029,CHECK_OR_CALL,True,0.0,,,,False,
2fb41d3f,6,TURN,1,12,0,0.0,0.409091,BET_OR_RAISE,"CHECK_OR_CALL,BET_OR_RAISE",CHECK_OR_CALL,,3.2,6.1333,CHECK_OR_CALL,False,2.9333,2.0912,4.4337,CHECK_OR_CALL,False,2.3425,,,,False,
2fb41d3f,7,TURN,0,16,4,0.2,0.590909,FOLD,"FOLD,CHECK_OR_CALL,BET_OR_RAISE",CHECK_OR_CALL,False,0.0,10.2667,CHECK_OR_CALL,False,10.2667,0.0,0.0,FOLD,True,0.0,,,,False,
0a3bbf6c,0,PREFLOP,1,3,1,0.25,0.3577,BET_OR_RAISE,"FOLD,CHECK_OR_CALL,BET_OR_RAISE",CHECK_OR_CALL,,0.5333,0.5333,BET_OR_RAISE,True,0.0,0.4389,0.4389,BET_OR_RAISE,True,0.0,,,,False,
0a3bbf6c,1,PREFLOP,0,6,2,0.25,0.6391,FOLD,"FOLD,CHECK_OR_CALL,BET_OR_RAISE",CHECK_OR_CALL,False,0.0,4.2,BET_OR_RAISE,False,4.2,0.0,2.4303,CHECK_OR_CALL,False,2.4303,,,,False,
0fedc77b,0,PREFLOP,1,3,1,0.25,0.6713,BET_OR_RAISE,"FOLD,CHECK_OR_CALL,BET_OR_RAISE",CHECK_OR_CALL,,3.8667,3.8667,BET_OR_RAISE,True,0.0,0.3691,0.4862,CHECK_OR_CALL,False,0.1171,,,,False,
0fedc77b,1,PREFLOP,0,6,2,0.25,0.3291,CHECK_OR_CALL,"FOLD,CHECK_OR_CALL,BET_OR_RAISE",CHECK_OR_CALL,True,1.5333,1.5333,CHECK_OR_CALL,True,0.0,0.6557,0.6557,CHECK_OR_CALL,True,0.0,,,,False,
0fedc77b,2,FLOP,0,8,0,0.0,0.170707,CHECK_OR_CALL,"CHECK_OR_CALL,BET_OR_RAISE",CHECK_OR_CALL,True,2.0,2.0,CHECK_OR_CALL,True,0.0,2.6969,2.6969,CHECK_OR_CALL,True,0.0,,,,False,
0fedc77b,3,FLOP,1,8,0,0.0,0.829293,BET_OR_RAISE,"CHECK_OR_CALL,BET_OR_RAISE",CHECK_OR_CALL,,7.9333,8.3333,CHECK_OR_CALL,False,0.4,5.7729,5.7729,BET_OR_RAISE,True,0.0,,,,False,
0fedc77b,4,FLOP,0,10,2,0.166667,0.170707,CHECK_OR_CALL,"FOLD,CHECK_OR_CALL,BET_OR_RAISE",CHECK_OR_CALL,True,0.2,0.2,CHECK_OR_CALL,True,0.0,0.5314,1.1787,BET_OR_RAISE,False,0.6473,,,,False,
0fedc77b,5,TURN,0,12,0,0.0,0.0,CHECK_OR_CALL,"CHECK_OR_CALL,BET_OR_RAISE",CHECK_OR_CALL,True,-2.9333,-2.9333,CHECK_OR_CALL,True,0.0,8.4072,9.5379,BET_OR_RAISE,False,1.1307,,,,False,
0fedc77b,6,TURN,1,12,0,0.0,1.0,BET_OR_RAISE,"CHECK_OR_CALL,BET_OR_RAISE",CHECK_OR_CALL,,17.8667,17.8667,BET_OR_RAISE,True,0.0,18.0584,18.0584,BET_OR_RAISE,True,0.0,,,,False,
0fedc77b,7,TURN,0,16,4,0.2,0.0,FOLD,"FOLD,CHECK_OR_CALL,BET_OR_RAISE",FOLD,True,0.0,0.0,FOLD,True,0.0,0.0,17.2515,BET_OR_RAISE,False,17.2515,,,,False,
7c2394b8,0,PREFLOP,1,3,1,0.25,0.6617,BET_OR_RAISE,"FOLD,CHECK_OR_CALL,BET_OR_RAISE",CHECK_OR_CALL,,2.4667,2.4667,CHECK_OR_CALL,False,0.0,2.8329,2.8329,BET_OR_RAISE,True,0.0,,,,False,
7c2394b8,1,PREFLOP,0,6,2,0.25,0.3291,CHECK_OR_CALL,"FOLD,CHECK_OR_CALL,BET_OR_RAISE",CHECK_OR_CALL,True,-0.7333,0.0,FOLD,False,0.7333,1.991,1.991,CHECK_OR_CALL,True,0.0,,,,False,
7c2394b8,2,FLOP,0,8,0,0.0,0.150505,CHECK_OR_CALL,"CHECK_OR_CALL,BET_OR_RAISE",CHECK_OR_CALL,True,0.2667,0.2667,CHECK_OR_CALL,True,0.0,3.033,3.033,CHECK_OR_CALL,True,0.0,,,,False,
7c2394b8,3,FLOP,1,8,0,0.0,0.849495,BET_OR_RAISE,"CHECK_OR_CALL,BET_OR_RAISE",CHECK_OR_CALL,,10.6,10.6,BET_OR_RAISE,True,0.0,6.8181,6.8181,BET_OR_RAISE,True,0.0,,,,False,
7c2394b8,4,FLOP,0,10,2,0.166667,0.150505,FOLD,"FOLD,CHECK_OR_CALL,BET_OR_RAISE",FOLD,True,0.0,0.0,FOLD,True,0.0,0.0,3.8099,CHECK_OR_CALL,False,3.8099,,,,False,
34ded617,0,PREFLOP,1,3,1,0.25,0.5427,BET_OR_RAISE,"FOLD,CHECK_OR_CALL,BET_OR_RAISE",CHECK_OR_CALL,,1.5333,1.5333,BET_OR_RAISE,True,0.0,1.5865,1.5865,BET_OR_RAISE,True,0.0,,,,False,
34ded617,1,PREFLOP,0,6,2,0.25,0.4726,FOLD,"FOLD,CHECK_OR_CALL,BET_OR_RAISE",CHECK_OR_CALL,False,0.0,0.5333,BET_OR_RAISE,False,0.5333,0.0,4.6877,BET_OR_RAISE,False,4.6877,,,,False,
65691de4,0,PREFLOP,1,3,1,0.25,0.3761,BET_OR_RAISE,"FOLD,CHECK_OR_CALL,BET_OR_RAISE",CHECK_OR_CALL,,0.3333,0.3333,BET_OR_RAISE,True,0.0,-0.3097,0.2772,CHECK_OR_CALL,False,0.5869,,,,False,
65691de4,1,PREFLOP,0,6,2,0.25,0.6046,CHECK_OR_CALL,"FOLD,CHECK_OR_CALL,BET_OR_RAISE",CHECK_OR_CALL,True,3.5333,4.3333,BET_OR_RAISE,False,0.8,3.5156,3.5156,CHECK_OR_CALL,True,0.0,,,,False,
65691de4,2,FLOP,0,8,0,0.0,0.808081,CHECK_OR_CALL,"CHECK_OR_CALL,BET_OR_RAISE",CHECK_OR_CALL,True,7.8667,8.4667,BET_OR_RAISE,False,0.6,5.6614,7.3086,BET_OR_RAISE,False,1.6471,,,,False,
65691de4,3,FLOP,1,8,0,0.0,0.191919,BET_OR_RAISE,"CHECK_OR_CALL,BET_OR_RAISE",CHECK_OR_CALL,,0.9333,1.4667,CHECK_OR_CALL,False,0.5333,0.8162,1.8191,CHECK_OR_CALL,False,1.0029,,,,False,
65691de4,4,FLOP,0,10,2,0.166667,0.808081,CHECK_OR_CALL,"FOLD,CHECK_OR_CALL,BET_OR_RAISE",CHECK_OR_CALL,True,8.8667,12.3333,BET_OR_RAISE,False,3.4667,6.1015,8.7685,BET_OR_RAISE,False,2.667,,,,False,
65691de4,5,TURN,0,12,0,0.0,0.113636,CHECK_OR_CALL,"CHECK_OR_CALL,BET_OR_RAISE",CHECK_OR_CALL,True,-2.9333,-2.5333,BET_OR_RAISE,False,0.4,4.8764,4.8764,CHECK_OR_CALL,True,0.0,,,,False,
65691de4,6,TURN,1,12,0,0.0,0.886364,BET_OR_RAISE,"CHECK_OR_CALL,BET_OR_RAISE",CHECK_OR_CALL,,17.6,17.6,BET_OR_RAISE,True,0.0,8.6214,8.6214,BET_OR_RAISE,True,0.0,,,,False,
65691de4,7,TURN,0,16,4,0.2,0.113636,CHECK_OR_CALL,"FOLD,CHECK_OR_CALL,BET_OR_RAISE",FOLD,False,-5.7333,0.0,FOLD,False,5.7333,4.2946,5.9888,BET_OR_RAISE,False,1.6942,,,,False,
65691de4,8,RIVER,0,20,0,0.0,0.0,CHECK_OR_CALL,"CHECK_OR_CALL,BET_OR_RAISE",CHECK_OR_CALL,True,-0.8,-0.8,CHECK_OR_CALL,True,0.0,8.1757,8.1757,CHECK_OR_CALL,True,0.0,,,,False,
65691de4,9,RIVER,1,20,0,0.0,1.0,BET_OR_RAISE,"CHECK_OR_CALL,BET_OR_RAISE",CHECK_OR_CALL,,27.6,27.6,BET_OR_RAISE,True,0.0,-4.0023,-0.3586,CHECK_OR_CALL,False,3.6437,,,,False,
65691de4,10,RIVER,0,24,4,0.142857,0.0,FOLD,"FOLD,CHECK_OR_CALL,BET_OR_RAISE",FOLD,True,0.0,0.0,FOLD,True,0.0,0.0,10.5661,BET_OR_RAISE,False,10.5661,,,,False,
fc01cd54,0,PREFLOP,1,3,1,0.25,0.7096,BET_OR_RAISE,"FOLD,CHECK_OR_CALL,BET_OR_RAISE",CHECK_OR_CALL,,2.2,2.7333,CHECK_OR_CALL,False,0.5333,2.7359,2.7359,BET_OR_RAISE,True,0.0,,,,False,
fc01cd54,1,PREFLOP,0,6,2,0.25,0.2869,CHECK_OR_CALL,"FOLD,CHECK_OR_CALL,BET_OR_RAISE",CHECK_OR_CALL,True,0.9333,0.9333,CHECK_OR_CALL,True,0.0,1.3636,1.3636,CHECK_OR_CALL,True,0.0,,,,False,
fc01cd54,2,FLOP,0,8,0,0.0,0.175758,CHECK_OR_CALL,"CHECK_OR_CALL,BET_OR_RAISE",CHECK_OR_CALL,True,0.0,0.0,CHECK_OR_CALL,True,0.0,1.9113,1.9113,CHECK_OR_CALL,True,0.0,,,,False,
fc01cd54,3,FLOP,1,8,0,0.0,0.824242,BET_OR_RAISE,"CHECK_OR_CALL,BET_OR_RAISE",CHECK_OR_CALL,,8.2667,8.2667,BET_OR_RAISE,True,0.0,10.2557,10.2557,BET_OR_RAISE,True,0.0,,,,False,
fc01cd54,4,FLOP,0,10,2,0.166667,0.175758,FOLD,"FOLD,CHECK_OR_CALL,BET_OR_RAISE",CHECK_OR_CALL,False,0.0,0.0,FOLD,True,0.0,0.0,1.7068,CHECK_OR_CALL,False,1.7068,,,,False,
41108b2e,0,PREFLOP,1,3,1,0.25,0.3698,BET_OR_RAISE,"FOLD,CHECK_OR_CALL,BET_OR_RAISE",CHECK_OR_CALL,,-0.6667,0.8,CHECK_OR_CALL,False,1.4667,-0.4716,0.0,FOLD,False,0.4716,,,,False,
41108b2e,1,PREFLOP,0,6,2,0.25,0.6242,CHECK_OR_CALL,"FOLD,CHECK_OR_CALL,BET_OR_RAISE",CHECK_OR_CALL,True,4.2,4.4667,BET_OR_RAISE,False,0.2667,1.637,3.5975,BET_OR_RAISE,False,1.9605,,,,False,
41108b2e,2,FLOP,0,8,0,0.0,0.763636,CHECK_OR_CALL,"CHECK_OR_CALL,BET_OR_RAISE",CHECK_OR_CALL,True,6.4667,6.4667,CHECK_OR_CALL,True,0.0,4.9617,5.7992,BET_OR_RAISE,False,0.8375,,,,False,
41108b2e,3,FLOP,1,8,0,0.0,0.236364,BET_OR_RAISE,"CHECK_OR_CALL,BET_OR_RAISE",CHECK_OR_CALL,,1.4667,1.4667,BET_OR_RAISE,True,0.0,-1.0582,0.7505,CHECK_OR_CALL,False,1.8086,,,,False,
41108b2e,4,FLOP,0,10,2,0.166667,0.763636,CHECK_OR_CALL,"FOLD,CHECK_OR_CALL,BET_OR_RAISE",CHECK_OR_CALL,True,8.1333,10.6667,BET_OR_RAISE,False,2.5333,4.5677,4.5677,CHECK_OR_CALL,True,0.0,,,,False,
41108b2e,5,TURN,0,12,0,0.0,1.0,CHECK_OR_CALL,"CHECK_OR_CALL,BET_OR_RAISE",CHECK_OR_CALL,True,14.0,18.8,BET_OR_RAISE,False,4.8,4.7676,4.7676,CHECK_OR_CALL,True,0.0,,,,False,
41108b2e,6,TURN,1,12,0,0.0,0.0,BET_OR_RAISE,"CHECK_OR_CALL,BET_OR_RAISE",CHECK_OR_CALL,,-6.9333,-3.3333,CHECK_OR_CALL,False,3.6,-4.9967,-1.2164,CHECK_OR_CALL,False,3.7803,,,,False,
41108b2e,7,TURN,0,16,4,0.2,1.0,CHECK_OR_CALL,"FOLD,CHECK_OR_CALL,BET_OR_RAISE",CHECK_OR_CALL,True,18.5333,22.1333,BET_OR_RAISE,False,3.6,14.2198,16.0166,BET_OR_RAISE,False,1.7969,,,,False,
41108b2e,8,RIVER,0,20,0,0.0,1.0,BET_OR_RAISE,"CHECK_OR_CALL,BET_OR_RAISE",CHECK_OR_CALL,,25.4667,25.4667,BET_OR_RAISE,True,0.0,23.6346,23.6346,BET_OR_RAISE,True,0.0,,,,False,
41108b2e,9,RIVER,1,24,4,0.142857,0.0,BET_OR_RAISE,"FOLD,CHECK_OR_CALL,BET_OR_RAISE",FOLD,,-10.4,0.0,FOLD,False,10.4,-11.1225,0.0,FOLD,False,11.1225,,,,False,
41108b2e,10,RIVER,0,32,4,0.111111,1.0,FOLD,"FOLD,CHECK_OR_CALL,BET_OR_RAISE",CHECK_OR_CALL,False,0.0,38.2667,BET_OR_RAISE,False,38.2667,0.0,33.9139,BET_OR_RAISE,False,33.9139,,,,False,
c6da77a3,0,PREFLOP,1,3,1,0.25,0.6624,BET_OR_RAISE,"FOLD,CHECK_OR_CALL,BET_OR_RAISE",CHECK_OR_CALL,,3.4667,3.4667,BET_OR_RAISE,True,0.0,2.2002,2.2002,BET_OR_RAISE,True,0.0,,,,False,
c6da77a3,1,PREFLOP,0,6,2,0.25,0.3457,CHECK_OR_CALL,"FOLD,CHECK_OR_CALL,BET_OR_RAISE",CHECK_OR_CALL,True,0.2667,0.2667,CHECK_OR_CALL,True,0.0,3.4679,3.4679,CHECK_OR_CALL,True,0.0,,,,False,
c6da77a3,2,FLOP,0,8,0,0.0,0.210606,CHECK_OR_CALL,"CHECK_OR_CALL,BET_OR_RAISE",CHECK_OR_CALL,True,1.4667,1.4667,CHECK_OR_CALL,True,0.0,3.5534,3.5559,BET_OR_RAISE,False,0.0024,,,,False,
c6da77a3,3,FLOP,1,8,0,0.0,0.789394,BET_OR_RAISE,"CHECK_OR_CALL,BET_OR_RAISE",CHECK_OR_CALL,,7.0667,7.0667,BET_OR_RAISE,True,0.0,3.6652,4.3273,CHECK_OR_CALL,False,0.6621,,,,False,
c6da77a3,4,FLOP,0,10,2,0.166667,0.210606,CHECK_OR_CALL,"FOLD,CHECK_OR_CALL,BET_OR_RAISE",CHECK_OR_CALL,True,-1.2667,0.0,FOLD,False,1.2667,1.3187,1.3187,CHECK_OR_CALL,True,0.0,,,,False,
c6da77a3,5,TURN,0,12,0,0.0,0.113636,CHECK_OR_CALL,"CHECK_OR_CALL,BET_OR_RAISE",CHECK_OR_CALL,True,-0.4667,-0.4667,CHECK_OR_CALL,True,0.0,2.9776,2.9776,CHECK_OR_CALL,True,0.0,,,,False,
c6da77a3,6,TURN,1,12,0,0.0,0.886364,BET_OR_RAISE,"CHECK_OR_CALL,BET_OR_RAISE",CHECK_OR_CALL,,15.4,15.4,BET_OR_RAISE,True,0.0,9.7182,9.7182,BET_OR_RAISE,True,0.0,,,,False,
c6da77a3,7,TURN,0,16,4,0.2,0.113636,CHECK_OR_CALL,"FOLD,CHECK_OR_CALL,BET_OR_RAISE",FOLD,False,-5.8667,0.0,FOLD,False,5.8667,7.1118,7.1118,CHECK_OR_CALL,True,0.0,,,,False,
c6da77a3,8,RIVER,0,20,0,0.0,0.0,CHECK_OR_CALL,"CHECK_OR_CALL,BET_OR_RAISE",CHECK_OR_CALL,True,-3.3333,-3.3333,CHECK_OR_CALL,True,0.0,-1.0518,-1.0518,CHECK_OR_CALL,True,0.0,,,,False,
c6da77a3,9,RIVER,1,20,0,0.0,1.0,BET_OR_RAISE,"CHECK_OR_CALL,BET_OR_RAISE",CHECK_OR_CALL,,26.9333,26.9333,BET_OR_RAISE,True,0.0,10.3873,10.3873,BET_OR_RAISE,True,0.0,,,,False,
c6da77a3,10,RIVER,0,24,4,0.142857,0.0,CHECK_OR_CALL,"FOLD,CHECK_OR_CALL,BET_OR_RAISE",FOLD,False,-6.0,0.0,FOLD,False,6.0,5.8409,5.8409,CHECK_OR_CALL,True,0.0,,,,False,
4d9fe0b2,0,PREFLOP,1,3,1,0.25,0.3799,BET_OR_RAISE,"FOLD,CHECK_OR_CALL,BET_OR_RAISE",CHECK_OR_CALL,,0.4667,0.4667,BET_OR_RAISE,True,0.0,-0.1816,0.1755,CHECK_OR_CALL,False,0.3571,,,,False,
4d9fe0b2,1,PREFLOP,0,6,2,0.25,0.6234,CHECK_OR_CALL,"FOLD,CHECK_OR_CALL,BET_OR_RAISE",CHECK_OR_CALL,True,4.2,4.2,CHECK_OR_CALL,True,0.0,3.0942,3.0942,CHECK_OR_CALL,True,0.0,,,,False,
4d9fe0b2,2,FLOP,0,8,0,0.0,0.193939,CHECK_OR_CALL,"CHECK_OR_CALL,BET_OR_RAISE",CHECK_OR_CALL,True,0.0,0.0,CHECK_OR_CALL,True,0.0,3.3765,3.3765,CHECK_OR_CALL,True,0.0,,,,False,
4d9fe0b2,3,FLOP,1,8,0,0.0,0.806061,BET_OR_RAISE,"CHECK_OR_CALL,BET_OR_RAISE",CHECK_OR_CALL,,9.0667,9.0667,BET_OR_RAISE,True,0.0,10.5722,10.5722,BET_OR_RAISE,True,0.0,,,,False,
4d9fe0b2,4,FLOP,0,10,2,0.166667,0.193939,CHECK_OR_CALL,"FOLD,CHECK_OR_CALL,BET_OR_RAISE",CHECK_OR_CALL,True,-2.0667,0.1333,BET_OR_RAISE,False,2.2,3.377,3.9205,BET_OR_RAISE,False,0.5435,,,,False,
4d9fe0b2,5,TURN,0,12,0,0.0,0.272727,CHECK_OR_CALL,"CHECK_OR_CALL,BET_OR_RAISE",CHECK_OR_CALL,True,2.0,2.0,CHECK_OR_CALL,True,0.0,10.0431,12.3474,BET_OR_RAISE,False,2.3043,,,,False,
4d9fe0b2,6,TURN,1,12,0,0.0,0.727273,BET_OR_RAISE,"CHECK_OR_CALL,BET_OR_RAISE",CHECK_OR_CALL,,10.5333,10.6667,CHECK_OR_CALL,False,0.1333,13.7402,13.7402,BET_OR_RAISE,True,0.0,,,,False,
4d9fe0b2,7,TURN,0,16,4,0.2,0.272727,CHECK_OR_CALL,"FOLD,CHECK_OR_CALL,BET_OR_RAISE",CHECK_OR_CALL,True,1.3333,1.3333,CHECK_OR_CALL,True,0.0,5.2779,5.5118,BET_OR_RAISE,False,0.2339,,,,False,
4d9fe0b2,8,RIVER,0,20,0,0.0,0.0,CHECK_OR_CALL,"CHECK_OR_CALL,BET_OR_RAISE",CHECK_OR_CALL,True,-2.0,-2.0,CHECK_OR_CALL,True,0.0,16.6369,18.5945,BET_OR_RAISE,False,1.9577,,,,False,
4d9fe0b2,9,RIVER,1,20,0,0.0,1.0,BET_OR_RAISE,"CHECK_OR_CALL,BET_OR_RAISE",CHECK_OR_CALL,,27.2,27.2,BET_OR_RAISE,True,0.0,25.0376,25.0376,BET_OR_RAISE,True,0.0,,,,False,
4d9fe0b2,10,RIVER,0,24,4,0.142857,0.0,FOLD,"FOLD,CHECK_OR_CALL,BET_OR_RAISE",FOLD,True,0.0,0.0,FOLD,True,0.0,0.0,19.4032,BET_OR_RAISE,False,19.4032,,,,False,
823ac6cb,0,PREFLOP,1,3,1,0.25,0.6471,BET_OR_RAISE,"FOLD,CHECK_OR_CALL,BET_OR_RAISE",CHECK_OR_CALL,,2.8,2.8,BET_OR_RAISE,True,0.0,2.3086,2.3719,CHECK_OR_CALL,False,0.0633,,,,False,
823ac6cb,1,PREFLOP,0,6,2,0.25,0.3518,CHECK_OR_CALL,"FOLD,CHECK_OR_CALL,BET_OR_RAISE",CHECK_OR_CALL,True,1.5333,1.5333,CHECK_OR_CALL,True,0.0,1.2494,3.0336,BET_OR_RAISE,False,1.7842,,,,False,
823ac6cb,2,FLOP,0,8,0,0.0,0.159596,CHECK_OR_CALL,"CHECK_OR_CALL,BET_OR_RAISE",CHECK_OR_CALL,True,1.6,1.6,CHECK_OR_CALL,True,0.0,3.2908,3.2908,CHECK_OR_CALL,True,0.0,,,,False,
823ac6cb,3,FLOP,1,8,0,0.0,0.840404,BET_OR_RAISE,"CHECK_OR_CALL,BET_OR_RAISE",CHECK_OR_CALL,,9.7333,9.7333,BET_OR_RAISE,True,0.0,8.214,8.214,BET_OR_RAISE,True,0.0,,,,False,
823ac6cb,4,FLOP,0,10,2,0.166667,0.159596,FOLD,"FOLD,CHECK_OR_CALL,BET_OR_RAISE",FOLD,True,0.0,0.0,FOLD,True,0.0,0.0,3.8933,BET_OR_RAISE,False,3.8933,,,,False,
bb9e4e58,0,PREFLOP,1,3,1,0.25,0.3224,BET_OR_RAISE,"FOLD,CHECK_OR_CALL,BET_OR_RAISE",CHECK_OR_CALL,,-0.0667,0.0,FOLD,False,0.0667,0.7491,0.7491,BET_OR_RAISE,True,0.0,,,,False,
bb9e4e58,1,PREFLOP,0,6,2,0.25,0.6972,CHECK_OR_CALL,"FOLD,CHECK_OR_CALL,BET_OR_RAISE",CHECK_OR_CALL,True,4.8667,4.8667,CHECK_OR_CALL,True,0.0,3.1034,3.2655,BET_OR_RAISE,False,0.1621,,,,False,
bb9e4e58,2,FLOP,0,8,0,0.0,0.156566,CHECK_OR_CALL,"CHECK_OR_CALL,BET_OR_RAISE",CHECK_OR_CALL,True,0.2667,0.4667,BET_OR_RAISE,False,0.2,3.9771,3.9771,CHECK_OR_CALL,True,0.0,,,,False,
bb9e4e58,3,FLOP,1,8,0,0.0,0.843434,BET_OR_RAISE,"CHECK_OR_CALL,BET_OR_RAISE",CHECK_OR_CALL,,8.1333,8.1333,BET_OR_RAISE,True,0.0,8.8574,8.8574,BET_OR_RAISE,True,0.0,,,,False,
bb9e4e58,4,FLOP,0,10,2,0.166667,0.156566,CHECK_OR_CALL,"FOLD,CHECK_OR_CALL,BET_OR_RAISE",FOLD,False,-2.1333,0.0,FOLD,False,2.1333,6.0588,6.9322,BET_OR_RAISE,False,0.8734,,,,False,
bb9e4e58,5,TURN,0,12,0,0.0,0.068182,CHECK_OR_CALL,"CHECK_OR_CALL,BET_OR_RAISE",CHECK_OR_CALL,True,-2.4,-2.4,CHECK_OR_CALL,True,0.0,5.6202,5.6202,CHECK_OR_CALL,True,0.0,,,,False,
bb9e4e58,6,TURN,1,12,0,0.0,0.931818,BET_OR_RAISE,"CHECK_OR_CALL,BET_OR_RAISE",CHECK_OR_CALL,,16.2667,16.2667,BET_OR_RAISE,True,0.0,5.1733,5.3591,CHECK_OR_CALL,False,0.1857,,,,False,
bb9e4e58,7,TURN,0,16,4,0.2,0.068182,FOLD,"FOLD,CHECK_OR_CALL,BET_OR_RAISE",FOLD,True,0.0,0.0,FOLD,True,0.0,0.0,12.5956,BET_OR_RAISE,False,12.5956,,,,False,
08cc588b,0,PREFLOP,1,3,1,0.25,0.5016,BET_OR_RAISE,"FOLD,CHECK_OR_CALL,BET_OR_RAISE",CHECK_OR_CALL,,1.2,1.2,BET_OR_RAISE,True,0.0,-1.1987,0.0288,CHECK_OR_CALL,False,1.2275,,,,False,
08cc588b,1,PREFLOP,0,6,2,0.25,0.501,CHECK_OR_CALL,"FOLD,CHECK_OR_CALL,BET_OR_RAISE",CHECK_OR_CALL,True,2.9333,2.9333,CHECK_OR_CALL,True,0.0,1.2117,1.9663,BET_OR_RAISE,False,0.7546,,,,False,
08cc588b,2,FLOP,0,8,0,0.0,0.874747,CHECK_OR_CALL,"CHECK_OR_CALL,BET_OR_RAISE",CHECK_OR_CALL,True,8.2,10.2,BET_OR_RAISE,False,2.0,4.4851,5.4698,BET_OR_RAISE,False,0.9847,,,,False,
08cc588b,3,FLOP,1,8,0,0.0,0.125253,BET_OR_RAISE,"CHECK_OR_CALL,BET_OR_RAISE",CHECK_OR_CALL,,-2.1333,-0.7333,CHECK_OR_CALL,False,1.4,2.0647,2.0647,BET_OR_RAISE,True,0.0,,,,False,
08cc588b,4,FLOP,0,10,2,0.166667,0.874747,CHECK_OR_CALL,"FOLD,CHECK_OR_CALL,BET_OR_RAISE",CHECK_OR_CALL,True,10.5333,10.7333,BET_OR_RAISE,False,0.2,6.7674,8.1565,BET_OR_RAISE,False,1.389,,,,False,
08cc588b,5,TURN,0,12,0,0.0,0.886364,CHECK_OR_CALL,"CHECK_OR_CALL,BET_OR_RAISE",CHECK_OR_CALL,True,11.4667,17.2,BET_OR_RAISE,False,5.7333,10.5161,11.4919,BET_OR_RAISE,False,0.9759,,,,False,
08cc588b,6,TURN,1,12,0,0.0,0.113636,BET_OR_RAISE,"CHECK_OR_CALL,BET_OR_RAISE",CHECK_OR_CALL,,-4.1333,-3.0667,CHECK_OR_CALL,False,1.0667,4.6228,5.5365,CHECK_OR_CALL,False,0.9137,,,,False,
08cc588b,7,TURN,0,16,4,0.2,0.886364,CHECK_OR_CALL,"FOLD,CHECK_OR_CALL,BET_OR_RAISE",CHECK_OR_CALL,True,14.1333,21.8667,BET_OR_RAISE,False,7.7333,5.5974,6.2412,BET_OR_RAISE,False,0.6438,,,,False,
08cc588b,8,RIVER,0,20,0,0.0,1.0,CHECK_OR_CALL,"CHECK_OR_CALL,BET_OR_RAISE",CHECK_OR_CALL,True,23.0667,26.6667,BET_OR_RAISE,False,3.6,17.6224,19.673,BET_OR_RAISE,False,2.0506,,,,False,
08cc588b,9,RIVER,1,20,0,0.0,0.0,BET_OR_RAISE,"CHECK_OR_CALL,BET_OR_RAISE",CHECK_OR_CALL,,-7.4667,-3.0667,CHECK_OR_CALL,False,4.4,-5.2843,-1.3718,CHECK_OR_CALL,False,3.9126,,,,False,
08cc588b,10,RIVER,0,24,4,0.142857,1.0,FOLD,"FOLD,CHECK_OR_CALL,BET_OR_RAISE",CHECK_OR_CALL,False,0.0,31.2,BET_OR_RAISE,False,31.2,0.0,8.5829,CHECK_OR_CALL,False,8.5829,,,,False,
846fdb26,0,PREFLOP,1,3,1,0.25,0.3734,BET_OR_RAISE,"FOLD,CHECK_OR_CALL,BET_OR_RAISE",CHECK_OR_CALL,,0.4667,0.4667,BET_OR_RAISE,True,0.0,-0.1762,0.1886,CHECK_OR_CALL,False,0.3647,,,,False,
846fdb26,1,PREFLOP,0,6,2,0.25,0.6234,CHECK_OR_CALL,"FOLD,CHECK_OR_CALL,BET_OR_RAISE",CHECK_OR_CALL,True,4.6,4.6,CHECK_OR_CALL,True,0.0,2.2124,3.8822,BET_OR_RAISE,False,1.6697,,,,False,
846fdb26,2,FLOP,0,8,0,0.0,0.122222,CHECK_OR_CALL,"CHECK_OR_CALL,BET_OR_RAISE",CHECK_OR_CALL,True,0.0,0.0,CHECK_OR_CALL,True,0.0,8.7595,9.9569,BET_OR_RAISE,False,1.1973,,,,False,
846fdb26,3,FLOP,1,8,0,0.0,0.877778,BET_OR_RAISE,"CHECK_OR_CALL,BET_OR_RAISE",CHECK_OR_CALL,,10.6667,10.6667,BET_OR_RAISE,True,0.0,10.7276,10.7276,BET_OR_RAISE,True,0.0,,,,False,
846fdb26,4,FLOP,0,10,2,0.166667,0.122222,FOLD,"FOLD,CHECK_OR_CALL,BET_OR_RAISE",FOLD,True,0.0,0.0,FOLD,True,0.0,0.0,6.9682,BET_OR_RAISE,False,6.9682,,,,False,
b7ba50f4,0,PREFLOP,1,3,1,0.25,0.3862,BET_OR_RAISE,"FOLD,CHECK_OR_CALL,BET_OR_RAISE",CHECK_OR_CALL,,0.2667,0.2667,BET_OR_RAISE,True,0.0,0.7155,0.7155,BET_OR_RAISE,True,0.0,,,,False,
b7ba50f4,1,PREFLOP,0,6,2,0.25,0.6297,CHECK_OR_CALL,"FOLD,CHECK_OR_CALL,BET_OR_RAISE",CHECK_OR_CALL,True,3.1333,4.2,BET_OR_RAISE,False,1.0667,3.5286,4.2468,BET_OR_RAISE,False,0.7182,,,,False,
b7ba50f4,2,FLOP,0,8,0,0.0,0.798485,CHECK_OR_CALL,"CHECK_OR_CALL,BET_OR_RAISE",CHECK_OR_CALL,True,7.2,9.4,BET_OR_RAISE,False,2.2,5.2622,6.4048,BET_OR_RAISE,False,1.1426,,,,False,
b7ba50f4,3,FLOP,1,8,0,0.0,0.201515,BET_OR_RAISE,"CHECK_OR_CALL,BET_OR_RAISE",CHECK_OR_CALL,,-0.2667,1.3333,CHECK_OR_CALL,False,1.6,-1.4832,0.5931,CHECK_OR_CALL,False,2.0763,,,,False,
b7ba50f4,4,FLOP,0,10,2,0.166667,0.798485,CHECK_OR_CALL,"FOLD,CHECK_OR_CALL,BET_OR_RAISE",CHECK_OR_CALL,True,9.2,10.6667,BET_OR_RAISE,False,1.4667,6.9365,7.0167,BET_OR_RAISE,False,0.0803,,,,False,
b7ba50f4,5,TURN,0,12,0,0.0,0.863636,CHECK_OR_CALL,"CHECK_OR_CALL,BET_OR_RAISE",CHECK_OR_CALL,True,10.4,13.8667,BET_OR_RAISE,False,3.4667,0.4241,0.4241,CHECK_OR_CALL,True,0.0,,,,False,
b7ba50f4,6,TURN,1,12,0,0.0,0.136364,BET_OR_RAISE,"CHECK_OR_CALL,BET_OR_RAISE",CHECK_OR_CALL,,-3.2,-0.4,CHECK_OR_CALL,False,2.8,0.4324,2.006,CHECK_OR_CALL,False,1.5736,,,,False,
b7ba50f4,7,TURN,0,16,4,0.2,0.863636,FOLD,"FOLD,CHECK_OR_CALL,BET_OR_RAISE",CHECK_OR_CALL,False,0.0,20.9333,BET_OR_RAISE,False,20.9333,0.0,6.6418,CHECK_OR_CALL,False,6.6418,,,,False,
45e724df,0,PREFLOP,1,3,1,0.25,0.31,BET_OR_RAISE,"FOLD,CHECK_OR_CALL,BET_OR_RAISE",CHECK_OR_CALL,,0.0667,0.4667,CHECK_OR_CALL,False,0.4,-1.1079,0.0,FOLD,False,1.1079,,,,False,
45e724df,1,PREFLOP,0,6,2,0.25,0.7073,FOLD,"FOLD,CHECK_OR_CALL,BET_OR_RAISE",CHECK_OR_CALL,False,0.0,6.2,BET_OR_RAISE,False,6.2,0.0,3.2937,BET_OR_RAISE,False,3.2937,,,,False,
7d0220f6,0,PREFLOP,1,3,1,0.25,0.2801,BET_OR_RAISE,"FOLD,CHECK_OR_CALL,BET_OR_RAISE",CHECK_OR_CALL,,0.3333,0.3333,BET_OR_RAISE,True,0.0,0.5128,0.7316,CHECK_OR_CALL,False,0.2187,,,,False,
7d0220f6,1,PREFLOP,0,6,2,0.25,0.727,FOLD,"FOLD,CHECK_OR_CALL,BET_OR_RAISE",CHECK_OR_CALL,False,0.0,4.8667,BET_OR_RAISE,False,4.8667,0.0,1.3024,CHECK_OR_CALL,False,1.3024,,,,False,
472d58a7,0,PREFLOP,1,3,1,0.25,0.3613,BET_OR_RAISE,"FOLD,CHECK_OR_CALL,BET_OR_RAISE",CHECK_OR_CALL,,0.2,0.6667,CHECK_OR_CALL,False,0.4667,0.7285,1.3769,CHECK_OR_CALL,False,0.6484,,,,False,
472d58a7,1,PREFLOP,0,6,2,0.25,0.6362,CHECK_OR_CALL,"FOLD,CHECK_OR_CALL,BET_OR_RAISE",CHECK_OR_CALL,True,2.1333,2.4667,BET_OR_RAISE,False,0.3333,2.5122,2.5122,CHECK_OR_CALL,True,0.0,,,,False,
472d58a7,2,FLOP,0,8,0,0.0,0.789899,CHECK_OR_CALL,"CHECK_OR_CALL,BET_OR_RAISE",CHECK_OR_CALL,True,6.7333,7.5333,BET_OR_RAISE,False,0.8,1.5775,1.7872,BET_OR_RAISE,False,0.2096,,,,False,
472d58a7,3,FLOP,1,8,0,0.0,0.210101,BET_OR_RAISE,"CHECK_OR_CALL,BET_OR_RAISE",CHECK_OR_CALL,,0.6667,1.7333,CHECK_OR_CALL,False,1.0667,2.3263,3.2668,CHECK_OR_CALL,False,0.9405,,,,False,
472d58a7,4,FLOP,0,10,2,0.166667,0.789899,FOLD,"FOLD,CHECK_OR_CALL,BET_OR_RAISE",CHECK_OR_CALL,False,0.0,9.8,BET_OR_RAISE,False,9.8,0.0,3.3003,CHECK_OR_CALL,False,3.3003,,,,False,
0b986a51,0,PREFLOP,1,3,1,0.25,0.5387,BET_OR_RAISE,"FOLD,CHECK_OR_CALL,BET_OR_RAISE",CHECK_OR_CALL,,3.0,3.0,BET_OR_RAISE,True,0.0,1.0063,1.3978,CHECK_OR_CALL,False,0.3915,,,,False,
0b986a51,1,PREFLOP,0,6,2,0.25,0.463,CHECK_OR_CALL,"FOLD,CHECK_OR_CALL,BET_OR_RAISE",CHECK_OR_CALL,True,2.6,2.6,CHECK_OR_CALL,True,0.0,2.9326,2.9326,CHECK_OR_CALL,True,0.0,,,,False,
0b986a51,2,FLOP,0,8,0,0.0,0.363636,CHECK_OR_CALL,"CHECK_OR_CALL,BET_OR_RAISE",CHECK_OR_CALL,True,4.3333,4.3333,CHECK_OR_CALL,True,0.0,4.1324,4.1466,BET_OR_RAISE,False,0.0142,,,,False,
0b986a51,3,FLOP,1,8,0,0.0,0.636364,BET_OR_RAISE,"CHECK_OR_CALL,BET_OR_RAISE",CHECK_OR_CALL,,6.5333,8.2,CHECK_OR_CALL,False,1.6667,8.2412,8.2412,BET_OR_RAISE,True,0.0,,,,False,
0b986a51,4,FLOP,0,10,2,0.166667,0.363636,FOLD,"FOLD,CHECK_OR_CALL,BET_OR_RAISE",CHECK_OR_CALL,False,0.0,1.4,CHECK_OR_CALL,False,1.4,0.0,7.5552,BET_OR_RAISE,False,7.5552,,,,False,
eb0158f5,0,PREFLOP,1,3,1,0.25,0.625,BET_OR_RAISE,"FOLD,CHECK_OR_CALL,BET_OR_RAISE",CHECK_OR_CALL,,2.4,2.4,BET_OR_RAISE,True,0.0,1.4958,1.4958,BET_OR_RAISE,True,0.0,,,,False,
eb0158f5,1,PREFLOP,0,6,2,0.25,0.391,CHECK_OR_CALL,"FOLD,CHECK_OR_CALL,BET_OR_RAISE",CHECK_OR_CALL,True,1.2,1.2,CHECK_OR_CALL,True,0.0,1.5574,2.1852,BET_OR_RAISE,False,0.6278,,,,False,
eb0158f5,2,FLOP,0,8,0,0.0,0.762626,CHECK_OR_CALL,"CHECK_OR_CALL,BET_OR_RAISE",CHECK_OR_CALL,True,8.0,8.2667,BET_OR_RAISE,False,0.2667,5.1739,6.1729,BET_OR_RAISE,False,0.9989,,,,False,
eb0158f5,3,FLOP,1,8,0,0.0,0.237374,BET_OR_RAISE,"CHECK_OR_CALL,BET_OR_RAISE",CHECK_OR_CALL,,0.8,2.9333,CHECK_OR_CALL,False,2.1333,4.7302,4.7302,BET_OR_RAISE,True,0.0,,,,False,
eb0158f5,4,FLOP,0,10,2,0.166667,0.762626,CHECK_OR_CALL,"FOLD,CHECK_OR_CALL,BET_OR_RAISE",CHECK_OR_CALL,True,7.4667,8.2,BET_OR_RAISE,False,0.7333,5.0267,5.0267,CHECK_OR_CALL,True,0.0,,,,False,
eb0158f5,5,TURN,0,12,0,0.0,0.295455,CHECK_OR_CALL,"CHECK_OR_CALL,BET_OR_RAISE",CHECK_OR_CALL,True,0.8,3.4667,BET_OR_RAISE,False,2.6667,10.1095,13.388,BET_OR_RAISE,False,3.2786,,,,False,
eb0158f5,6,TURN,1,12,0,0.0,0.704545,BET_OR_RAISE,"CHECK_OR_CALL,BET_OR_RAISE",CHECK_OR_CALL,,14.4,14.4,BET_OR_RAISE,True,0.0,6.785,6.785,BET_OR_RAISE,True,0.0,,,,False,
eb0158f5,7,TURN,0,16,4,0.2,0.295455,CHECK_OR_CALL,"FOLD,CHECK_OR_CALL,BET_OR_RAISE",CHECK_OR_CALL,True,5.0667,5.0667,CHECK_OR_CALL,True,0.0,11.4391,15.1391,BET_OR_RAISE,False,3.7001,,,,False,
eb0158f5,8,RIVER,0,20,0,0.0,0.0,CHECK_OR_CALL,"CHECK_OR_CALL,BET_OR_RAISE",CHECK_OR_CALL,True,-2.6667,-2.6667,CHECK_OR_CALL,True,0.0,3.06,3.06,CHECK_OR_CALL,True,0.0,,,,False,
eb0158f5,9,RIVER,1,20,0,0.0,1.0,BET_OR_RAISE,"CHECK_OR_CALL,BET_OR_RAISE",CHECK_OR_CALL,,27.6,27.6,BET_OR_RAISE,True,0.0,26.4964,26.4964,BET_OR_RAISE,True,0.0,,,,False,
eb0158f5,10,RIVER,0,24,4,0.142857,0.0,CHECK_OR_CALL,"FOLD,CHECK_OR_CALL,BET_OR_RAISE",FOLD,False,-6.6667,0.0,FOLD,False,6.6667,-0.2332,0.0,FOLD,False,0.2332,,,,False,
c7b45a73,0,PREFLOP,1,3,1,0.25,0.3132,BET_OR_RAISE,"FOLD,CHECK_OR_CALL,BET_OR_RAISE",CHECK_OR_CALL,,-0.2667,0.4,CHECK_OR_CALL,False,0.6667,0.0,0.4745,CHECK_OR_CALL,False,0.4745,,,,False,
c7b45a73,1,PREFLOP,0,6,2,0.25,0.6978,CHECK_OR_CALL,"FOLD,CHECK_OR_CALL,BET_OR_RAISE",CHECK_OR_CALL,True,4.0667,5.2667,BET_OR_RAISE,False,1.2,1.1654,2.5947,BET_OR_RAISE,False,1.4293,,,,False,
c7b45a73,2,FLOP,0,8,0,0.0,0.80202,CHECK_OR_CALL,"CHECK_OR_CALL,BET_OR_RAISE",CHECK_OR_CALL,True,7.4667,7.4667,CHECK_OR_CALL,True,0.0,1.8737,1.8737,CHECK_OR_CALL,True,0.0,,,,False,
c7b45a73,3,FLOP,1,8,0,0.0,0.19798,BET_OR_RAISE,"CHECK_OR_CALL,BET_OR_RAISE",CHECK_OR_CALL,,0.8667,2.3333,CHECK_OR_CALL,False,1.4667,-1.782,-0.6786,CHECK_OR_CALL,False,1.1034,,,,False,
c7b45a73,4,FLOP,0,10,2,0.166667,0.80202,FOLD,"FOLD,CHECK_OR_CALL,BET_OR_RAISE",CHECK_OR_CALL,False,0.0,9.0,BET_OR_RAISE,False,9.0,0.0,1.8532,BET_OR_RAISE,False,1.8532,,,,False,
d655a968,0,PREFLOP,1,3,1,0.25,0.615,BET_OR_RAISE,"FOLD,CHECK_OR_CALL,BET_OR_RAISE",CHECK_OR_CALL,,2.8,2.8,BET_OR_RAISE,True,0.0,2.2133,2.2133,BET_OR_RAISE,True,0.0,,,,False,
d655a968,1,PREFLOP,0,6,2,0.25,0.3961,FOLD,"FOLD,CHECK_OR_CALL,BET_OR_RAISE",CHECK_OR_CALL,False,0.0,1.1333,CHECK_OR_CALL,False,1.1333,0.0,0.656,BET_OR_RAISE,False,0.656,,,,False,
4061e562,0,PREFLOP,1,3,1,0.25,0.721,BET_OR_RAISE,"FOLD,CHECK_OR_CALL,BET_OR_RAISE",CHECK_OR_CALL,,2.4667,3.0667,CHECK_OR_CALL,False,0.6,1.2344,1.8237,CHECK_OR_CALL,False,0.5892,,,,False,
4061e562,1,PREFLOP,0,6,2,0.25,0.2765,CHECK_OR_CALL,"FOLD,CHECK_OR_CALL,BET_OR_RAISE",CHECK_OR_CALL,True,-0.2,0.0,FOLD,False,0.2,1.8728,1.8728,CHECK_OR_CALL,True,0.0,,,,False,
4061e562,2,FLOP,0,8,0,0.0,0.059091,CHECK_OR_CALL,"CHECK_OR_CALL,BET_OR_RAISE",CHECK_OR_CALL,True,-1.3333,-1.3333,CHECK_OR_CALL,True,0.0,5.4038,5.7503,BET_OR_RAISE,False,0.3465,,,,False,
4061e562,3,FLOP,1,8,0,0.0,0.940909,BET_OR_RAISE,"CHECK_OR_CALL,BET_OR_RAISE",CHECK_OR_CALL,,10.7333,10.7333,BET_OR_RAISE,True,0.0,10.6041,10.6041,BET_OR_RAISE,True,0.0,,,,False,
4061e562,4,FLOP,0,10,2,0.166667,0.059091,FOLD,"FOLD,CHECK_OR_CALL,BET_OR_RAISE",FOLD,True,0.0,0.0,FOLD,True,0.0,0.0,0.3865,CHECK_OR_CALL,False,0.3865,,,,False,
28b5d0b2,0,PREFLOP,1,3,1,0.25,0.3921,BET_OR_RAISE,"FOLD,CHECK_OR_CALL,BET_OR_RAISE",CHECK_OR_CALL,,0.6667,1.8,CHECK_OR_CALL,False,1.1333,-0.593,0.2571,CHECK_OR_CALL,False,0.8501,,,,False,
28b5d0b2,1,PREFLOP,0,6,2,0.25,0.6209,CHECK_OR_CALL,"FOLD,CHECK_OR_CALL,BET_OR_RAISE",CHECK_OR_CALL,True,4.4667,4.9333,BET_OR_RAISE,False,0.4667,2.4529,2.4529,CHECK_OR_CALL,True,0.0,,,,False,
28b5d0b2,2,FLOP,0,8,0,0.0,0.760101,CHECK_OR_CALL,"CHECK_OR_CALL,BET_OR_RAISE",CHECK_OR_CALL,True,7.4667,7.4667,CHECK_OR_CALL,True,0.0,2.8181,2.8181,CHECK_OR_CALL,True,0.0,,,,False,
28b5d0b2,3,FLOP,1,8,0,0.0,0.239899,BET_OR_RAISE,"CHECK_OR_CALL,BET_OR_RAISE",CHECK_OR_CALL,,-0.2,0.4667,CHECK_OR_CALL,False,0.6667,3.02,3.205,CHECK_OR_CALL,False,0.185,,,,False,
28b5d0b2,4,FLOP,0,10,2,0.166667,0.760101,CHECK_OR_CALL,"FOLD,CHECK_OR_CALL,BET_OR_RAISE",CHECK_OR_CALL,True,8.4,10.2667,BET_OR_RAISE,False,1.8667,6.9906,7.0538,BET_OR_RAISE,False,0.0632,,,,False,
28b5d0b2,5,TURN,0,12,0,0.0,0.829545,CHECK_OR_CALL,"CHECK_OR_CALL,BET_OR_RAISE",CHECK_OR_CALL,True,12.8667,15.5333,BET_OR_RAISE,False,2.6667,3.4176,3.4176,CHECK_OR_CALL,True,0.0,,,,False,
28b5d0b2,6,TURN,1,12,0,0.0,0.170455,BET_OR_RAISE,"CHECK_OR_CALL,BET_OR_RAISE",CHECK_OR_CALL,,-5.0,-0.3333,CHECK_OR_CALL,False,4.6667,5.5619,5.5619,BET_OR_RAISE,True,0.0,,,,False,
28b5d0b2,7,TURN,0,16,4,0.2,0.829545,FOLD,"FOLD,CHECK_OR_CALL,BET_OR_RAISE",CHECK_OR_CALL,False,0.0,17.9333,CHECK_OR_CALL,False,17.9333,0.0,3.0571,CHECK_OR_CALL,False,3.0571,,,,False,
fcaff80d,0,PREFLOP,1,3,1,0.25,0.3576,BET_OR_RAISE,"FOLD,CHECK_OR_CALL,BET_OR_RAISE",CHECK_OR_CALL,,-1.0667,0.7333,CHECK_OR_CALL,False,1.8,-0.268,0.0683,CHECK_OR_CALL,False,0.3362,,,,False,
fcaff80d,1,PREFLOP,0,6,2,0.25,0.6397,CHECK_OR_CALL,"FOLD,CHECK_OR_CALL,BET_OR_RAISE",CHECK_OR_CALL,True,2.3333,3.6667,BET_OR_RAISE,False,1.3333,3.8714,3.8714,CHECK_OR_CALL,True,0.0,,,,False,
fcaff80d,2,FLOP,0,8,0,0.0,0.221212,CHECK_OR_CALL,"CHECK_OR_CALL,BET_OR_RAISE",CHECK_OR_CALL,True,1.2667,1.2667,CHECK_OR_CALL,True,0.0,5.167,5.2619,BET_OR_RAISE,False,0.0949,,,,False,
fcaff80d,3,FLOP,1,8,0,0.0,0.778788,BET_OR_RAISE,"CHECK_OR_CALL,BET_OR_RAISE",CHECK_OR_CALL,,9.0,9.0,BET_OR_RAISE,True,0.0,8.0888,8.0888,BET_OR_RAISE,True,0.0,,,,False,
fcaff80d,4,FLOP,0,10,2,0.166667,0.221212,CHECK_OR_CALL,"FOLD,CHECK_OR_CALL,BET_OR_RAISE",CHECK_OR_CALL,True,-0.4,0.0,FOLD,False,0.4,3.2958,3.8745,BET_OR_RAISE,False,0.5787,,,,False,
fcaff80d,5,TURN,0,12,0,0.0,0.136364,CHECK_OR_CALL,"CHECK_OR_CALL,BET_OR_RAISE",CHECK_OR_CALL,True,0.0,0.0,CHECK_OR_CALL,True,0.0,3.7621,3.7621,CHECK_OR_CALL,True,0.0,,,,False,
fcaff80d,6,TURN,1,12,0,0.0,0.863636,BET_OR_RAISE,"CHECK_OR_CALL,BET_OR_RAISE",CHECK_OR_CALL,,17.4667,17.4667,BET_OR_RAISE,True,0.0,14.097,14.097,BET_OR_RAISE,True,0.0,,,,False,
fcaff80d,7,TURN,0,16,4,0.2,0.136364,CHECK_OR_CALL,"FOLD,CHECK_OR_CALL,BET_OR_RAISE",FOLD,False,-2.8,0.0,FOLD,False,2.8,4.5555,7.2161,BET_OR_RAISE,False,2.6606,,,,False,
fcaff80d,8,RIVER,0,20,0,0.0,0.0,CHECK_OR_CALL,"CHECK_OR_CALL,BET_OR_RAISE",CHECK_OR_CALL,True,-3.6,-3.6,CHECK_OR_CALL,True,0.0,2.1124,2.1124,CHECK_OR_CALL,True,0.0,,,,False,
fcaff80d,9,RIVER,1,20,0,0.0,1.0,BET_OR_RAISE,"CHECK_OR_CALL,BET_OR_RAISE",CHECK_OR_CALL,,27.0667,27.0667,BET_OR_RAISE,True,0.0,24.3151,24.3151,BET_OR_RAISE,True,0.0,,,,False,
fcaff80d,10,RIVER,0,24,4,0.142857,0.0,FOLD,"FOLD,CHECK_OR_CALL,BET_OR_RAISE",FOLD,True,0.0,0.0,FOLD,True,0.0,0.0,9.5256,CHECK_OR_CALL,False,9.5256,,,,False,
60d608fe,0,PREFLOP,1,3,1,0.25,0.3657,BET_OR_RAISE,"FOLD,CHECK_OR_CALL,BET_OR_RAISE",CHECK_OR_CALL,,-0.1333,0.0,FOLD,False,0.1333,-0.9208,0.0474,CHECK_OR_CALL,False,0.9682,,,,False,
60d608fe,1,PREFLOP,0,6,2,0.25,0.6417,CHECK_OR_CALL,"FOLD,CHECK_OR_CALL,BET_OR_RAISE",CHECK_OR_CALL,True,3.6,3.6,CHECK_OR_CALL,True,0.0,3.0039,3.5284,BET_OR_RAISE,False,0.5246,,,,False,
60d608fe,2,FLOP,0,8,0,0.0,0.143939,CHECK_OR_CALL,"CHECK_OR_CALL,BET_OR_RAISE",CHECK_OR_CALL,True,-0.7333,-0.7333,CHECK_OR_CALL,True,0.0,3.8669,3.8669,CHECK_OR_CALL,True,0.0,,,,False,
60d608fe,3,FLOP,1,8,0,0.0,0.856061,BET_OR_RAISE,"CHECK_OR_CALL,BET_OR_RAISE",CHECK_OR_CALL,,7.4,7.7333,CHECK_OR_CALL,False,0.3333,6.0389,6.2352,CHECK_OR_CALL,False,0.1963,,,,False,
60d608fe,4,FLOP,0,10,2,0.166667,0.143939,FOLD,"FOLD,CHECK_OR_CALL,BET_OR_RAISE",FOLD,True,0.0,0.0,FOLD,True,0.0,0.0,0.8755,CHECK_OR_CALL,False,0.8755,,,,False,
b7924b57,0,PREFLOP,1,3,1,0.25,0.6642,BET_OR_RAISE,"FOLD,CHECK_OR_CALL,BET_OR_RAISE",CHECK_OR_CALL,,1.3333,1.6,CHECK_OR_CALL,False,0.2667,1.6429,1.6429,BET_OR_RAISE,True,0.0,,,,False,
b7924b57,1,PREFLOP,0,6,2,0.25,0.34,CHECK_OR_CALL,"FOLD,CHECK_OR_CALL,BET_OR_RAISE",CHECK_OR_CALL,True,2.0,2.0,CHECK_OR_CALL,True,0.0,0.7797,0.7797,CHECK_OR_CALL,True,0.0,,,,False,
b7924b57,2,FLOP,0,8,0,0.0,0.479798,CHECK_OR_CALL,"CHECK_OR_CALL,BET_OR_RAISE",CHECK_OR_CALL,True,4.4,4.5333,BET_OR_RAISE,False,0.1333,4.5151,5.9457,BET_OR_RAISE,False,1.4306,,,,False,
b7924b57,3,FLOP,1,8,0,0.0,0.520202,BET_OR_RAISE,"CHECK_OR_CALL,BET_OR_RAISE",CHECK_OR_CALL,,3.6667,4.2,CHECK_OR_CALL,False,0.5333,6.2203,6.2203,BET_OR_RAISE,True,0.0,,,,False,
b7924b57,4,FLOP,0,10,2,0.166667,0.479798,FOLD,"FOLD,CHECK_OR_CALL,BET_OR_RAISE",CHECK_OR_CALL,False,0.0,5.8667,CHECK_OR_CALL,False,5.8667,0.0,5.3665,BET_OR_RAISE,False,5.3665,,,,False,
a6cb61ad,0,PREFLOP,1,3,1,0.25,0.6194,BET_OR_RAISE,"FOLD,CHECK_OR_CALL,BET_OR_RAISE",CHECK_OR_CALL,,2.5333,2.5333,BET_OR_RAISE,True,0.0,0.6916,0.6916,BET_OR_RAISE,True,0.0,,,,False,
a6cb61ad,1,PREFLOP,0,6,2,0.25,0.3946,CHECK_OR_CALL,"FOLD,CHECK_OR_CALL,BET_OR_RAISE",CHECK_OR_CALL,True,1.2,1.2,CHECK_OR_CALL,True,0.0,2.4813,3.0329,BET_OR_RAISE,False,0.5516,,,,False,
a6cb61ad,2,FLOP,0,8,0,0.0,0.807071,CHECK_OR_CALL,"CHECK_OR_CALL,BET_OR_RAISE",CHECK_OR_CALL,True,9.2,9.2,CHECK_OR_CALL,True,0.0,6.3743,7.2405,BET_OR_RAISE,False,0.8662,,,,False,
a6cb61ad,3,FLOP,1,8,0,0.0,0.192929,BET_OR_RAISE,"CHECK_OR_CALL,BET_OR_RAISE",CHECK_OR_CALL,,-0.4667,2.4,CHECK_OR_CALL,False,2.8667,3.9915,4.3423,CHECK_OR_CALL,False,0.3507,,,,False,
a6cb61ad,4,FLOP,0,10,2,0.166667,0.807071,CHECK_OR_CALL,"FOLD,CHECK_OR_CALL,BET_OR_RAISE",CHECK_OR_CALL,True,7.8,8.3333,BET_OR_RAISE,False,0.5333,7.6815,8.9563,BET_OR_RAISE,False,1.2748,,,,False,
a6cb61ad,5,TURN,0,12,0,0.0,0.886364,BET_OR_RAISE,"CHECK_OR_CALL,BET_OR_RAISE",CHECK_OR_CALL,,16.0,16.0,BET_OR_RAISE,True,0.0,4.0201,4.4442,CHECK_OR_CALL,False,0.4241,,,,False,
a6cb61ad,6,TURN,1,16,4,0.2,0.113636,BET_OR_RAISE,"FOLD,CHECK_OR_CALL,BET_OR_RAISE",FOLD,,-9.4667,0.0,FOLD,False,9.4667,3.5546,3.8543,CHECK_OR_CALL,False,0.2997,,,,False,
a6cb61ad,7,TURN,0,24,4,0.142857,0.886364,FOLD,"FOLD,CHECK_OR_CALL,BET_OR_RAISE",CHECK_OR_CALL,False,0.0,24.0,BET_OR_RAISE,False,24.0,0.0,15.1294,BET_OR_RAISE,False,15.1294,,,,False,
5c71e921,0,PREFLOP,1,3,1,0.25,0.672,BET_OR_RAISE,"FOLD,CHECK_OR_CALL,BET_OR_RAISE",CHECK_OR_CALL,,3.6667,3.6667,BET_OR_RAISE,True,0.0,0.2408,0.8649,CHECK_OR_CALL,False,0.6242,,,,False,
5c71e921,1,PREFLOP,0,6,2,0.25,0.3134,FOLD,"FOLD,CHECK_OR_CALL,BET_OR_RAISE",CHECK_OR_CALL,False,0.0,0.0,FOLD,True,0.0,0.0,1.1706,BET_OR_RAISE,False,1.1706,,,,False,
8d7bd419,0,PREFLOP,1,3,1,0.25,0.7197,BET_OR_RAISE,"FOLD,CHECK_OR_CALL,BET_OR_RAISE",CHECK_OR_CALL,,4.6667,4.6667,BET_OR_RAISE,True,0.0,-0.0976,0.0,FOLD,False,0.0976,,,,False,
8d7bd419,1,PREFLOP,0,6,2,0.25,0.2875,FOLD,"FOLD,CHECK_OR_CALL,BET_OR_RAISE",CHECK_OR_CALL,False,0.0,0.5333,CHECK_OR_CALL,False,0.5333,0.0,0.5062,BET_OR_RAISE,False,0.5062,,,,False,
ee643f33,0,PREFLOP,1,3,1,0.25,0.3335,BET_OR_RAISE,"FOLD,CHECK_OR_CALL,BET_OR_RAISE",CHECK_OR_CALL,,-1.2667,0.3333,CHECK_OR_CALL,False,1.6,-1.225,0.0,FOLD,False,1.225,,,,False,
ee643f33,1,PREFLOP,0,6,2,0.25,0.6466,CHECK_OR_CALL,"FOLD,CHECK_OR_CALL,BET_OR_RAISE",CHECK_OR_CALL,True,2.0667,3.0667,BET_OR_RAISE,False,1.0,3.0289,3.2904,BET_OR_RAISE,False,0.2615,,,,False,
ee643f33,2,FLOP,0,8,0,0.0,0.739394,CHECK_OR_CALL,"CHECK_OR_CALL,BET_OR_RAISE",CHECK_OR_CALL,True,5.8667,9.2667,BET_OR_RAISE,False,3.4,4.3148,4.3148,CHECK_OR_CALL,True,0.0,,,,False,
ee643f33,3,FLOP,1,8,0,0.0,0.260606,BET_OR_RAISE,"CHECK_OR_CALL,BET_OR_RAISE",CHECK_OR_CALL,,1.4,1.4,BET_OR_RAISE,True,0.0,-2.1282,-0.3657,CHECK_OR_CALL,False,1.7625,,,,False,
ee643f33,4,FLOP,0,10,2,0.166667,0.739394,FOLD,"FOLD,CHECK_OR_CALL,BET_OR_RAISE",CHECK_OR_CALL,False,0.0,7.6667,CHECK_OR_CALL,False,7.6667,0.0,7.5771,BET_OR_RAISE,False,7.5771,,,,False,
f4b97b13,0,PREFLOP,1,3,1,0.25,0.4104,BET_OR_RAISE,"FOLD,CHECK_OR_CALL,BET_OR_RAISE",CHECK_OR_CALL,,0.9333,1.0667,CHECK_OR_CALL,False,0.1333,0.6614,0.6614,BET_OR_RAISE,True,0.0,,,,False,
f4b97b13,1,PREFLOP,0,6,2,0.25,0.57,CHECK_OR_CALL,"FOLD,CHECK_OR_CALL,BET_OR_RAISE",CHECK_OR_CALL,True,2.2,4.4667,BET_OR_RAISE,False,2.2667,2.601,2.601,CHECK_OR_CALL,True,0.0,,,,False,
f4b97b13,2,FLOP,0,8,0,0.0,0.696465,CHECK_OR_CALL,"CHECK_OR_CALL,BET_OR_RAISE",CHECK_OR_CALL,True,6.2667,6.2667,CHECK_OR_CALL,True,0.0,3.1824,3.1824,CHECK_OR_CALL,True,0.0,,,,False,
f4b97b13,3,FLOP,1,8,0,0.0,0.303535,BET_OR_RAISE,"CHECK_OR_CALL,BET_OR_RAISE",CHECK_OR_CALL,,0.2667,2.8,CHECK_OR_CALL,False,2.5333,1.6821,1.7266,CHECK_OR_CALL,False,0.0445,,,,False,
f4b97b13,4,FLOP,0,10,2,0.166667,0.696465,FOLD,"FOLD,CHECK_OR_CALL,BET_OR_RAISE",CHECK_OR_CALL,False,0.0,8.0667,BET_OR_RAISE,False,8.0667,0.0,0.0,FOLD,True,0.0,,,,False,
d6829914,0,PREFLOP,1,3,1,0.25,0.3649,BET_OR_RAISE,"FOLD,CHECK_OR_CALL,BET_OR_RAISE",CHECK_OR_CALL,,1.5333,1.5333,BET_OR_RAISE,True,0.0,0.4679,0.7683,CHECK_OR_CALL,False,0.3004,,,,False,
d6829914,1,PREFLOP,0,6,2,0.25,0.6303,CHECK_OR_CALL,"FOLD,CHECK_OR_CALL,BET_OR_RAISE",CHECK_OR_CALL,True,4.4,4.4,CHECK_OR_CALL,True,0.0,4.1028,5.4933,BET_OR_RAISE,False,1.3905,,,,False,
d6829914,2,FLOP,0,8,0,0.0,0.006061,CHECK_OR_CALL,"CHECK_OR_CALL,BET_OR_RAISE",CHECK_OR_CALL,True,-1.6,-1.6,CHECK_OR_CALL,True,0.0,5.6956,6.8755,BET_OR_RAISE,False,1.1799,,,,False,
d6829914,3,FLOP,1,8,0,0.0,0.993939,BET_OR_RAISE,"CHECK_OR_CALL,BET_OR_RAISE",CHECK_OR_CALL,,11.2,11.2,BET_OR_RAISE,True,0.0,10.0279,10.0279,BET_OR_RAISE,True,0.0,,,,False,
d6829914,4,FLOP,0,10,2,0.166667,0.006061,CHECK_OR_CALL,"FOLD,CHECK_OR_CALL,BET_OR_RAISE",FOLD,False,-3.6,0.0,FOLD,False,3.6,6.7276,6.7276,CHECK_OR_CALL,True,0.0,,,,False,
d6829914,5,TURN,0,12,0,0.0,0.0,CHECK_OR_CALL,"CHECK_OR_CALL,BET_OR_RAISE",CHECK_OR_CALL,True,-3.6,-3.6,CHECK_OR_CALL,True,0.0,6.2769,8.3462,BET_OR_RAISE,False,2.0694,,,,False,
d6829914,6,TURN,1,12,0,0.0,1.0,BET_OR_RAISE,"CHECK_OR_CALL,BET_OR_RAISE",CHECK_OR_CALL,,18.4,18.4,BET_OR_RAISE,True,0.0,18.729,18.729,BET_OR_RAISE,True,0.0,,,,False,
d6829914,7,TURN,0,16,4,0.2,0.0,CHECK_OR_CALL,"FOLD,CHECK_OR_CALL,BET_OR_RAISE",FOLD,False,-6.9333,0.0,FOLD,False,6.9333,10.2917,13.8829,BET_OR_RAISE,False,3.5912,,,,False,
d6829914,8,RIVER,0,20,0,0.0,0.0,CHECK_OR_CALL,"CHECK_OR_CALL,BET_OR_RAISE",CHECK_OR_CALL,True,-2.9333,-2.9333,CHECK_OR_CALL,True,0.0,20.256,23.4832,BET_OR_RAISE,False,3.2272,,,,False,
d6829914,9,RIVER,1,20,0,0.0,1.0,BET_OR_RAISE,"CHECK_OR_CALL,BET_OR_RAISE",CHECK_OR_CALL,,27.4667,27.4667,BET_OR_RAISE,True,0.0,26.4462,26.4462,BET_OR_RAISE,True,0.0,,,,False,
d6829914,10,RIVER,0,24,4,0.142857,0.0,FOLD,"FOLD,CHECK_OR_CALL,BET_OR_RAISE",FOLD,True,0.0,0.0,FOLD,True,0.0,0.0,28.0962,BET_OR_RAISE,False,28.0962,,,,False,
7463b0b9,0,PREFLOP,1,3,1,0.25,0.5863,BET_OR_RAISE,"FOLD,CHECK_OR_CALL,BET_OR_RAISE",CHECK_OR_CALL,,2.6,2.6,BET_OR_RAISE,True,0.0,1.7987,1.7987,BET_OR_RAISE,True,0.0,,,,False,
7463b0b9,1,PREFLOP,0,6,2,0.25,0.4005,CHECK_OR_CALL,"FOLD,CHECK_OR_CALL,BET_OR_RAISE",CHECK_OR_CALL,True,-0.4,0.0,FOLD,False,0.4,1.2124,1.2285,BET_OR_RAISE,False,0.0161,,,,False,
7463b0b9,2,FLOP,0,8,0,0.0,0.821212,CHECK_OR_CALL,"CHECK_OR_CALL,BET_OR_RAISE",CHECK_OR_CALL,True,5.4,9.0667,BET_OR_RAISE,False,3.6667,2.9965,3.3929,BET_OR_RAISE,False,0.3964,,,,False,
7463b0b9,3,FLOP,1,8,0,0.0,0.178788,BET_OR_RAISE,"CHECK_OR_CALL,BET_OR_RAISE",CHECK_OR_CALL,,-1.8,-0.2,CHECK_OR_CALL,False,1.6,2.6298,3.5171,CHECK_OR_CALL,False,0.8873,,,,False,
7463b0b9,4,FLOP,0,10,2,0.166667,0.821212,CHECK_OR_CALL,"FOLD,CHECK_OR_CALL,BET_OR_RAISE",CHECK_OR_CALL,True,9.5333,12.0667,BET_OR_RAISE,False,2.5333,7.3705,8.2874,BET_OR_RAISE,False,0.917,,,,False,
7463b0b9,5,TURN,0,12,0,0.0,0.931818,CHECK_OR_CALL,"CHECK_OR_CALL,BET_OR_RAISE",CHECK_OR_CALL,True,14.8,16.0,BET_OR_RAISE,False,1.2,11.3235,13.8194,BET_OR_RAISE,False,2.4959,,,,False,
7463b0b9,6,TURN,1,12,0,0.0,0.068182,BET_OR_RAISE,"CHECK_OR_CALL,BET_OR_RAISE",CHECK_OR_CALL,,-4.0,-2.8,CHECK_OR_CALL,False,1.2,-4.7453,-2.3042,CHECK_OR_CALL,False,2.441,,,,False,
7463b0b9,7,TURN,0,16,4,0.2,0.931818,CHECK_OR_CALL,"FOLD,CHECK_OR_CALL,BET_OR_RAISE",CHECK_OR_CALL,True,17.3333,19.6,BET_OR_RAISE,False,2.2667,14.4663,15.4418,BET_OR_RAISE,False,0.9755,,,,False,
7463b0b9,8,RIVER,0,20,0,0.0,1.0,CHECK_OR_CALL,"CHECK_OR_CALL,BET_OR_RAISE",CHECK_OR_CALL,True,23.4667,26.4,BET_OR_RAISE,False,2.9333,20.9079,23.8916,BET_OR_RAISE,False,2.9837,,,,False,
7463b0b9,9,RIVER,1,20,0,0.0,0.0,BET_OR_RAISE,"CHECK_OR_CALL,BET_OR_RAISE",CHECK_OR_CALL,,-6.4,-3.4667,CHECK_OR_CALL,False,2.9333,1.735,4.3661,CHECK_OR_CALL,False,2.6311,,,,False,
7463b0b9,10,RIVER,0,24,4,0.142857,1.0,FOLD,"FOLD,CHECK_OR_CALL,BET_OR_RAISE",CHECK_OR_CALL,False,0.0,31.2,BET_OR_RAISE,False,31.2,0.0,25.3085,BET_OR_RAISE,False,25.3085,,,,False,
dcf3820e,0,PREFLOP,1,3,1,0.25,0.5215,BET_OR_RAISE,"FOLD,CHECK_OR_CALL,BET_OR_RAISE",CHECK_OR_CALL,,1.2667,1.2667,BET_OR_RAISE,True,0.0,1.1535,1.175,CHECK_OR_CALL,False,0.0215,,,,False,
dcf3820e,1,PREFLOP,0,6,2,0.25,0.4859,FOLD,"FOLD,CHECK_OR_CALL,BET_OR_RAISE",CHECK_OR_CALL,False,0.0,5.3333,CHECK_OR_CALL,False,5.3333,0.0,2.1571,BET_OR_RAISE,False,2.1571,,,,False,
c68f5cad,0,PREFLOP,1,3,1,0.25,0.6766,BET_OR_RAISE,"FOLD,CHECK_OR_CALL,BET_OR_RAISE",CHECK_OR_CALL,,1.7333,1.7333,BET_OR_RAISE,True,0.0,-0.3161,0.3118,CHECK_OR_CALL,False,0.6279,,,,False,
c68f5cad,1,PREFLOP,0,6,2,0.25,0.3351,FOLD,"FOLD,CHECK_OR_CALL,BET_OR_RAISE",CHECK_OR_CALL,False,0.0,0.0,FOLD,True,0.0,0.0,0.4459,CHECK_OR_CALL,False,0.4459,,,,False,
7c8f7a7b,0,PREFLOP,1,3,1,0.25,0.3475,BET_OR_RAISE,"FOLD,CHECK_OR_CALL,BET_OR_RAISE",CHECK_OR_CALL,,0.2,0.2,BET_OR_RAISE,True,0.0,-0.5667,0.487,CHECK_OR_CALL,False,1.0537,,,,False,
7c8f7a7b,1,PREFLOP,0,6,2,0.25,0.641,CHECK_OR_CALL,"FOLD,CHECK_OR_CALL,BET_OR_RAISE",CHECK_OR_CALL,True,5.1333,5.1333,CHECK_OR_CALL,True,0.0,2.8108,3.642,BET_OR_RAISE,False,0.8312,,,,False,
7c8f7a7b,2,FLOP,0,8,0,0.0,0.659596,CHECK_OR_CALL,"CHECK_OR_CALL,BET_OR_RAISE",CHECK_OR_CALL,True,5.0,5.9333,BET_OR_RAISE,False,0.9333,2.9951,2.9951,CHECK_OR_CALL,True,0.0,,,,False,
7c8f7a7b,3,FLOP,1,8,0,0.0,0.340404,BET_OR_RAISE,"CHECK_OR_CALL,BET_OR_RAISE",CHECK_OR_CALL,,2.5333,3.2,CHECK_OR_CALL,False,0.6667,2.1553,3.7076,CHECK_OR_CALL,False,1.5523,,,,False,
7c8f7a7b,4,FLOP,0,10,2,0.166667,0.659596,CHECK_OR_CALL,"FOLD,CHECK_OR_CALL,BET_OR_RAISE",CHECK_OR_CALL,True,7.4,7.4,CHECK_OR_CALL,True,0.0,2.656,2.656,CHECK_OR_CALL,True,0.0,,,,False,
7c8f7a7b,5,TURN,0,12,0,0.0,0.909091,BET_OR_RAISE,"CHECK_OR_CALL,BET_OR_RAISE",CHECK_OR_CALL,,16.5333,16.5333,BET_OR_RAISE,True,0.0,14.5304,14.5304,BET_OR_RAISE,True,0.0,,,,False,
7c8f7a7b,6,TURN,1,16,4,0.2,0.090909,BET_OR_RAISE,"FOLD,CHECK_OR_CALL,BET_OR_RAISE",FOLD,,-7.8667,0.0,FOLD,False,7.8667,-2.3603,0.769,CHECK_OR_CALL,False,3.1293,,,,False,
7c8f7a7b,7,TURN,0,24,4,0.142857,0.909091,CHECK_OR_CALL,"FOLD,CHECK_OR_CALL,BET_OR_RAISE",CHECK_OR_CALL,True,24.4,27.6,BET_OR_RAISE,False,3.2,21.4056,25.2642,BET_OR_RAISE,False,3.8586,,,,False,
7c8f7a7b,8,RIVER,0,28,0,0.0,1.0,CHECK_OR_CALL,"CHECK_OR_CALL,BET_OR_RAISE",CHECK_OR_CALL,True,30.8,34.2667,BET_OR_RAISE,False,3.4667,27.3969,30.4825,BET_OR_RAISE,False,3.0857,,,,False,
7c8f7a7b,9,RIVER,1,28,0,0.0,0.0,BET_OR_RAISE,"CHECK_OR_CALL,BET_OR_RAISE",CHECK_OR_CALL,,-7.2,-2.4,CHECK_OR_CALL,False,4.8,-6.6505,-1.3771,CHECK_OR_CALL,False,5.2735,,,,False,
7c8f7a7b,10,RIVER,0,32,4,0.111111,1.0,CHECK_OR_CALL,"FOLD,CHECK_OR_CALL,BET_OR_RAISE",CHECK_OR_CALL,True,34.6667,38.4,BET_OR_RAISE,False,3.7333,29.6593,32.758,BET_OR_RAISE,False,3.0987,,,,False,
f8bc501d,0,PREFLOP,1,3,1,0.25,0.6381,BET_OR_RAISE,"FOLD,CHECK_OR_CALL,BET_OR_RAISE",CHECK_OR_CALL,,1.0,1.8667,CHECK_OR_CALL,False,0.8667,1.0438,1.0438,BET_OR_RAISE,True,0.0,,,,False,
f8bc501d,1,PREFLOP,0,6,2,0.25,0.3628,FOLD,"FOLD,CHECK_OR_CALL,BET_OR_RAISE",CHECK_OR_CALL,False,0.0,1.1333,CHECK_OR_CALL,False,1.1333,0.0,0.5129,BET_OR_RAISE,False,0.5129,,,,False,
1f501a74,0,PREFLOP,1,3,1,0.25,0.6799,BET_OR_RAISE,"FOLD,CHECK_OR_CALL,BET_OR_RAISE",CHECK_OR_CALL,,2.9333,2.9333,BET_OR_RAISE,True,0.0,2.8813,2.8813,BET_OR_RAISE,True,0.0,,,,False,
1f501a74,1,PREFLOP,0,6,2,0.25,0.3248,CHECK_OR_CALL,"FOLD,CHECK_OR_CALL,BET_OR_RAISE",CHECK_OR_CALL,True,0.0667,1.2667,BET_OR_RAISE,False,1.2,2.9456,2.9456,CHECK_OR_CALL,True,0.0,,,,False,
1f501a74,2,FLOP,0,8,0,0.0,0.198485,CHECK_OR_CALL,"CHECK_OR_CALL,BET_OR_RAISE",CHECK_OR_CALL,True,1.4,1.4,CHECK_OR_CALL,True,0.0,4.5003,4.5003,CHECK_OR_CALL,True,0.0,,,,False,
1f501a74,3,FLOP,1,8,0,0.0,0.801515,BET_OR_RAISE,"CHECK_OR_CALL,BET_OR_RAISE",CHECK_OR_CALL,,9.5333,9.5333,BET_OR_RAISE,True,0.0,7.4173,7.4173,BET_OR_RAISE,True,0.0,,,,False,
1f501a74,4,FLOP,0,10,2,0.166667,0.198485,FOLD,"FOLD,CHECK_OR_CALL,BET_OR_RAISE",CHECK_OR_CALL,False,0.0,1.1333,CHECK_OR_CALL,False,1.1333,0.0,1.159,CHECK_OR_CALL,False,1.159,,,,False,
efe35049,0,PREFLOP,1,3,1,0.25,0.4452,BET_OR_RAISE,"FOLD,CHECK_OR_CALL,BET_OR_RAISE",CHECK_OR_CALL,,1.4667,2.0,CHECK_OR_CALL,False,0.5333,0.4266,0.7075,CHECK_OR_CALL,False,0.2809,,,,False,
efe35049,1,PREFLOP,0,6,2,0.25,0.5763,FOLD,"FOLD,CHECK_OR_CALL,BET_OR_RAISE",CHECK_OR_CALL,False,0.0,4.7333,BET_OR_RAISE,False,4.7333,0.0,1.0887,CHECK_OR_CALL,False,1.0887,,,,False,
36b69670,0,PREFLOP,1,3,1,0.25,0.6732,BET_OR_RAISE,"FOLD,CHECK_OR_CALL,BET_OR_RAISE",CHECK_OR_CALL,,2.8667,2.8667,BET_OR_RAISE,True,0.0,2.4551,2.4551,BET_OR_RAISE,True,0.0,,,,False,
36b69670,1,PREFLOP,0,6,2,0.25,0.3308,CHECK_OR_CALL,"FOLD,CHECK_OR_CALL,BET_OR_RAISE",CHECK_OR_CALL,True,0.3333,0.3333,CHECK_OR_CALL,True,0.0,2.0137,2.0137,CHECK_OR_CALL,True,0.0,,,,False,
36b69670,2,FLOP,0,8,0,0.0,0.075758,CHECK_OR_CALL,"CHECK_OR_CALL,BET_OR_RAISE",CHECK_OR_CALL,True,-1.0,-1.0,CHECK_OR_CALL,True,0.0,0.8793,0.8793,CHECK_OR_CALL,True,0.0,,,,False,
36b69670,3,FLOP,1,8,0,0.0,0.924242,BET_OR_RAISE,"CHECK_OR_CALL,BET_OR_RAISE",CHECK_OR_CALL,,10.4,10.4,BET_OR_RAISE,True,0.0,10.1444,10.1444,BET_OR_RAISE,True,0.0,,,,False,
36b69670,4,FLOP,0,10,2,0.166667,0.075758,FOLD,"FOLD,CHECK_OR_CALL,BET_OR_RAISE",FOLD,True,0.0,0.0,FOLD,True,0.0,0.0,1.1082,CHECK_OR_CALL,False,1.1082,,,,False,
ee92c921,0,PREFLOP,1,3,1,0.25,0.6965,BET_OR_RAISE,"FOLD,CHECK_OR_CALL,BET_OR_RAISE",CHECK_OR_CALL,,2.0,2.0,BET_OR_RAISE,True,0.0,1.0454,1.0454,BET_OR_RAISE,True,0.0,,,,False,
ee92c921,1,PREFLOP,0,6,2,0.25,0.2887,CHECK_OR_CALL,"FOLD,CHECK_OR_CALL,BET_OR_RAISE",CHECK_OR_CALL,True,-0.2667,0.0,FOLD,False,0.2667,1.7628,2.8616,BET_OR_RAISE,False,1.0988,,,,False,
ee92c921,2,FLOP,0,8,0,0.0,0.145455,CHECK_OR_CALL,"CHECK_OR_CALL,BET_OR_RAISE",CHECK_OR_CALL,True,-0.6,-0.6,CHECK_OR_CALL,True,0.0,2.9185,3.5792,BET_OR_RAISE,False,0.6606,,,,False,
ee92c921,3,FLOP,1,8,0,0.0,0.854545,BET_OR_RAISE,"CHECK_OR_CALL,BET_OR_RAISE",CHECK_OR_CALL,,6.0,8.2667,CHECK_OR_CALL,False,2.2667,2.0447,2.0447,BET_OR_RAISE,True,0.0,,,,False,
ee92c921,4,FLOP,0,10,2,0.166667,0.145455,FOLD,"FOLD,CHECK_OR_CALL,BET_OR_RAISE",FOLD,True,0.0,0.6,CHECK_OR_CALL,False,0.6,0.0,4.3241,BET_OR_RAISE,False,4.3241,,,,False,
95a75d3f,0,PREFLOP,1,3,1,0.25,0.4015,BET_OR_RAISE,"FOLD,CHECK_OR_CALL,BET_OR_RAISE",CHECK_OR_CALL,,0.4,0.9333,CHECK_OR_CALL,False,0.5333,-0.0133,0.0221,CHECK_OR_CALL,False,0.0353,,,,False,
95a75d3f,1,PREFLOP,0,6,2,0.25,0.6097,CHECK_OR_CALL,"FOLD,CHECK_OR_CALL,BET_OR_RAISE",CHECK_OR_CALL,True,4.0,4.0,CHECK_OR_CALL,True,0.0,3.1441,3.1441,CHECK_OR_CALL,True,0.0,,,,False,
95a75d3f,2,FLOP,0,8,0,0.0,0.578788,CHECK_OR_CALL,"CHECK_OR_CALL,BET_OR_RAISE",CHECK_OR_CALL,True,4.4,5.2667,BET_OR_RAISE,False,0.8667,7.3395,7.4862,BET_OR_RAISE,False,0.1466,,,,False,
95a75d3f,3,FLOP,1,8,0,0.0,0.421212,BET_OR_RAISE,"CHECK_OR_CALL,BET_OR_RAISE",CHECK_OR_CALL,,0.8667,3.7333,CHECK_OR_CALL,False,2.8667,2.8848,2.8848,BET_OR_RAISE,True,0.0,,,,False,
95a75d3f,4,FLOP,0,10,2,0.166667,0.578788,FOLD,"FOLD,CHECK_OR_CALL,BET_OR_RAISE",CHECK_OR_CALL,False,0.0,7.6667,CHECK_OR_CALL,False,7.6667,0.0,6.5876,CHECK_OR_CALL,False,6.5876,,,,False,
f3125bf2,0,PREFLOP,1,3,1,0.25,0.5904,BET_OR_RAISE,"FOLD,CHECK_OR_CALL,BET_OR_RAISE",CHECK_OR_CALL,,0.5333,3.0667,CHECK_OR_CALL,False,2.5333,-0.7442,0.0,FOLD,False,0.7442,,,,False,
f3125bf2,1,PREFLOP,0,6,2,0.25,0.3965,CHECK_OR_CALL,"FOLD,CHECK_OR_CALL,BET_OR_RAISE",CHECK_OR_CALL,True,1.0667,1.0667,CHECK_OR_CALL,True,0.0,0.3557,0.3557,CHECK_OR_CALL,True,0.0,,,,False,
f3125bf2,2,FLOP,0,8,0,0.0,0.70404,CHECK_OR_CALL,"CHECK_OR_CALL,BET_OR_RAISE",CHECK_OR_CALL,True,7.4,7.4,CHECK_OR_CALL,True,0.0,5.9802,6.7566,BET_OR_RAISE,False,0.7763,,,,False,
f3125bf2,3,FLOP,1,8,0,0.0,0.29596,BET_OR_RAISE,"CHECK_OR_CALL,BET_OR_RAISE",CHECK_OR_CALL,,1.0667,1.0667,BET_OR_RAISE,True,0.0,0.0676,1.4374,CHECK_OR_CALL,False,1.3698,,,,False,
f3125bf2,4,FLOP,0,10,2,0.166667,0.70404,CHECK_OR_CALL,"FOLD,CHECK_OR_CALL,BET_OR_RAISE",CHECK_OR_CALL,True,6.0,6.9333,BET_OR_RAISE,False,0.9333,5.2288,5.7036,BET_OR_RAISE,False,0.4748,,,,False,
f3125bf2,5,TURN,0,12,0,0.0,0.727273,CHECK_OR_CALL,"CHECK_OR_CALL,BET_OR_RAISE",CHECK_OR_CALL,True,9.8667,12.8,BET_OR_RAISE,False,2.9333,7.8932,9.789,BET_OR_RAISE,False,1.8957,,,,False,
f3125bf2,6,TURN,1,12,0,0.0,0.272727,BET_OR_RAISE,"CHECK_OR_CALL,BET_OR_RAISE",CHECK_OR_CALL,,0.2667,0.4,CHECK_OR_CALL,False,0.1333,-4.7611,-1.9387,CHECK_OR_CALL,False,2.8224,,,,False,
f3125bf2,7,TURN,0,16,4,0.2,0.727273,FOLD,"FOLD,CHECK_OR_CALL,BET_OR_RAISE",CHECK_OR_CALL,False,0.0,15.4667,BET_OR_RAISE,False,15.4667,0.0,1.0041,CHECK_OR_CALL,False,1.0041,,,,False,
2aa9a3be,0,PREFLOP,1,3,1,0.25,0.6462,BET_OR_RAISE,"FOLD,CHECK_OR_CALL,BET_OR_RAISE",CHECK_OR_CALL,,2.2,2.2,BET_OR_RAISE,True,0.0,1.2322,1.2322,BET_OR_RAISE,True,0.0,,,,False,
2aa9a3be,1,PREFLOP,0,6,2,0.25,0.3496,CHECK_OR_CALL,"FOLD,CHECK_OR_CALL,BET_OR_RAISE",CHECK_OR_CALL,True,1.2,1.2,CHECK_OR_CALL,True,0.0,0.669,0.669,CHECK_OR_CALL,True,0.0,,,,False,
2aa9a3be,2,FLOP,0,8,0,0.0,0.047475,CHECK_OR_CALL,"CHECK_OR_CALL,BET_OR_RAISE",CHECK_OR_CALL,True,-1.8,-1.8,CHECK_OR_CALL,True,0.0,1.0891,1.0891,CHECK_OR_CALL,True,0.0,,,,False,
2aa9a3be,3,FLOP,1,8,0,0.0,0.952525,BET_OR_RAISE,"CHECK_OR_CALL,BET_OR_RAISE",CHECK_OR_CALL,,10.3333,10.3333,BET_OR_RAISE,True,0.0,9.2296,9.2296,BET_OR_RAISE,True,0.0,,,,False,
2aa9a3be,4,FLOP,0,10,2,0.166667,0.047475,FOLD,"FOLD,CHECK_OR_CALL,BET_OR_RAISE",FOLD,True,0.0,0.0,FOLD,True,0.0,0.0,0.3298,CHECK_OR_CALL,False,0.3298,,,,False,
b3c887fd,0,PREFLOP,1,3,1,0.25,0.6449,BET_OR_RAISE,"FOLD,CHECK_OR_CALL,BET_OR_RAISE",CHECK_OR_CALL,,3.2667,3.2667,BET_OR_RAISE,True,0.0,1.2313,1.8849,CHECK_OR_CALL,False,0.6536,,,,False,
b3c887fd,1,PREFLOP,0,6,2,0.25,0.348,CHECK_OR_CALL,"FOLD,CHECK_OR_CALL,BET_OR_RAISE",CHECK_OR_CALL,True,1.4667,1.4667,CHECK_OR_CALL,True,0.0,1.8233,1.8233,CHECK_OR_CALL,True,0.0,,,,False,
b3c887fd,2,FLOP,0,8,0,0.0,0.071212,CHECK_OR_CALL,"CHECK_OR_CALL,BET_OR_RAISE",CHECK_OR_CALL,True,-1.7333,-1.7333,CHECK_OR_CALL,True,0.0,4.0964,4.0964,CHECK_OR_CALL,True,0.0,,,,False,
b3c887fd,3,FLOP,1,8,0,0.0,0.928788,BET_OR_RAISE,"CHECK_OR_CALL,BET_OR_RAISE",CHECK_OR_CALL,,11.0,11.0,BET_OR_RAISE,True,0.0,10.2601,10.2601,BET_OR_RAISE,True,0.0,,,,False,
b3c887fd,4,FLOP,0,10,2,0.166667,0.071212,FOLD,"FOLD,CHECK_OR_CALL,BET_OR_RAISE",FOLD,True,0.0,0.0,FOLD,True,0.0,0.0,2.8012,CHECK_OR_CALL,False,2.8012,,,,False,
